date,calories,gsr,heart-rate,skin-temp,steps
2015-06-28 17:00Z,2,0.10887,59,93.2,0
2015-06-28 17:01Z,2.1,0.00135857,66,92.3,0
2015-06-28 17:02Z,2.6,0.0168586,83,92.3,7
2015-06-28 17:03Z,1.8,0.0182169,81,92.3,0
2015-06-28 17:04Z,1.9,0.00167659,54,91.4,0
2015-06-28 17:05Z,1.9,0.00057291,56,91.4,0
2015-06-28 17:06Z,1.2,0.00130694,45,91.4,0
2015-06-28 17:07Z,1.2,0.000342398,45,91.4,0
2015-06-28 17:08Z,1.2,0.000344298,43,90.5,0
2015-06-28 17:09Z,1.2,0.000336759,41,90.5,0
2015-06-28 17:10Z,1.2,0.000325759,42,90.5,0
2015-06-28 17:11Z,1.2,0.000322173,41,90.5,0
2015-06-28 17:12Z,1.2,0.000311649,42,90.5,0
2015-06-28 17:13Z,1.2,0.000303143,40,90.5,0
2015-06-28 17:14Z,1.3,0.000288412,41,90.5,0
2015-06-28 17:15Z,1.2,0.000274396,42,90.5,0
2015-06-28 17:16Z,1.2,0.000266907,41,90.5,0
2015-06-28 17:17Z,1.2,0.000265433,41,90.5,0
2015-06-28 17:18Z,1.4,0.000269878,41,90.5,0
2015-06-28 17:19Z,1.2,0.000393212,40,90.5,0
2015-06-28 17:20Z,1.2,0.000560365,40,91.4,0
2015-06-28 17:21Z,1.2,0.000563475,40,91.4,0
2015-06-28 17:22Z,1.2,0.000530192,42,90.5,0
2015-06-28 17:23Z,1.2,0.000501643,41,90.5,0
2015-06-28 17:24Z,1.2,0.000504427,40,90.5,0
2015-06-28 17:25Z,1.2,0.000507227,41,90.5,0
2015-06-28 17:26Z,1.2,0.000510042,41,90.5,0
2015-06-28 17:27Z,1.2,0.000530192,40,90.5,0
2015-06-28 17:28Z,1.2,0.000539069,38,90.5,0
2015-06-28 17:29Z,1.3,0.000533135,39,90.5,0
2015-06-28 17:30Z,1.3,0.000504427,41,90.5,0
2015-06-28 17:31Z,1.2,,38,,0
2015-06-28 17:32Z,1.2,0.000244286,39,89.6,0
2015-06-28 17:33Z,1.2,0.000120952,38,89.6,0
2015-06-28 17:34Z,1.2,0.00011009,38,89.6,0
2015-06-28 17:35Z,1.2,0.000107679,38,89.6,0
2015-06-28 17:36Z,1.2,0.000105322,38,89.6,0
2015-06-28 17:37Z,1.2,0.000102447,38,89.6,0
2015-06-28 17:38Z,1.2,0.000103015,38,89.6,0
2015-06-28 17:39Z,1.2,0.000101881,38,88.7,0
2015-06-28 17:40Z,1.4,0.000101881,42,88.7,0
2015-06-28 17:41Z,1.2,0.000212717,37,88.7,0
2015-06-28 17:42Z,1.3,0.000424894,39,89.6,0
2015-06-28 17:43Z,1.2,0.000432008,39,89.6,0
2015-06-28 17:44Z,1.2,0.000434406,42,89.6,0
2015-06-28 17:45Z,1.2,0.000436817,43,89.6,0
2015-06-28 17:46Z,1.2,0.000436817,46,89.6,0
2015-06-28 17:47Z,1.2,0.000441679,42,89.6,0
2015-06-28 17:48Z,1.2,0.000451567,44,89.6,0
2015-06-28 17:49Z,1.2,0.000464239,42,89.6,0
2015-06-28 17:50Z,1.3,0.000466815,45,89.6,0
2015-06-28 17:51Z,1.2,0.000331214,40,88.7,0
2015-06-28 17:52Z,1.2,0.000240263,41,88.7,0
2015-06-28 17:53Z,1.3,0.000245642,41,88.7,0
2015-06-28 17:54Z,1.2,0.000227326,41,88.7,0
2015-06-28 17:55Z,1.2,9.58634e-05,42,88.7,0
2015-06-28 17:56Z,1.3,9.74685e-05,42,89.6,0
2015-06-28 17:57Z,1.2,9.58634e-05,44,89.6,0
2015-06-28 17:58Z,1.2,9.63954e-05,42,88.7,0
2015-06-28 17:59Z,1.2,9.58634e-05,43,88.7,0
2015-06-28 18:00Z,1.2,9.69305e-05,45,88.7,0
2015-06-28 18:01Z,1.3,0.000242937,41,89.6,0
2015-06-28 18:02Z,1.2,0.000274396,44,89.6,0
2015-06-28 18:03Z,1.2,0.000296505,42,89.6,0
2015-06-28 18:04Z,1.2,0.000315119,44,89.6,0
2015-06-28 18:05Z,1.2,0.000323961,41,89.6,0
2015-06-28 18:06Z,1.4,0.000333052,42,89.6,0
2015-06-28 18:07Z,1.4,0.000344298,50,89.6,0
2015-06-28 18:08Z,1.2,0.00048795,45,89.6,0
2015-06-28 18:09Z,1.3,0.000592256,44,89.6,0
2015-06-28 18:10Z,1.4,0.000639975,48,89.6,0
2015-06-28 18:11Z,1.2,0.00057609,45,90.5,0
2015-06-28 18:12Z,1.2,0.000639975,45,90.5,0
2015-06-28 18:13Z,1.2,0.000672663,45,90.5,0
2015-06-28 18:14Z,1.2,0.000691539,42,90.5,0
2015-06-28 18:15Z,1.3,0.000710944,45,90.5,0
2015-06-28 18:16Z,1.3,0.000730894,43,90.5,0
2015-06-28 18:17Z,1.3,9.07015e-05,44,90.5,0
2015-06-28 18:18Z,1.2,8.92078e-05,45,90.5,0
2015-06-28 18:19Z,1.2,8.92078e-05,45,89.6,0
2015-06-28 18:20Z,1.2,8.87154e-05,45,89.6,0
2015-06-28 18:21Z,1.2,8.82258e-05,47,89.6,0
2015-06-28 18:22Z,1.2,8.82258e-05,43,89.6,0
2015-06-28 18:23Z,1.2,8.87154e-05,41,89.6,0
2015-06-28 18:24Z,1.2,8.87154e-05,43,89.6,0
2015-06-28 18:25Z,1.2,8.82258e-05,44,89.6,0
2015-06-28 18:26Z,1.3,8.77388e-05,43,88.7,0
2015-06-28 18:27Z,1.2,8.87154e-05,45,88.7,0
2015-06-28 18:28Z,1.2,8.77388e-05,47,88.7,0
2015-06-28 18:29Z,1.2,8.87154e-05,46,88.7,0
2015-06-28 18:30Z,1.2,8.82258e-05,48,88.7,0
2015-06-28 18:31Z,1.5,8.72545e-05,48,88.7,0
2015-06-28 18:32Z,1.3,8.92078e-05,51,88.7,0
2015-06-28 18:33Z,1.2,9.17111e-05,43,88.7,0
2015-06-28 18:34Z,1.2,9.22202e-05,44,88.7,0
2015-06-28 18:35Z,1.5,9.32467e-05,48,89.6,0
2015-06-28 18:36Z,1.2,0.000138135,44,89.6,0
2015-06-28 18:37Z,1.2,0.000233705,44,90.5,0
2015-06-28 18:38Z,1.2,0.000268388,43,90.5,0
2015-06-28 18:39Z,1.2,0.000291622,42,91.4,0
2015-06-28 18:40Z,1.2,0.000309929,43,91.4,0
2015-06-28 18:41Z,1.2,0.000331214,43,92.3,0
2015-06-28 18:42Z,1.3,0.000346209,42,92.3,0
2015-06-28 18:43Z,1.2,0.000355925,40,92.3,0
2015-06-28 18:44Z,1.5,0.000363893,47,93.2,0
2015-06-28 18:45Z,1.2,0.000474632,44,93.2,0
2015-06-28 18:46Z,1.2,0.00057609,44,93.2,0
2015-06-28 18:47Z,1.2,0.000608876,43,93.2,0
2015-06-28 18:48Z,1.2,0.000636442,43,92.3,0
2015-06-28 18:49Z,1.2,0.00065069,43,92.3,0
2015-06-28 18:50Z,1.2,0.00068015,43,92.3,0
2015-06-28 18:51Z,1.2,0.000747257,43,92.3,0
2015-06-28 18:52Z,1.2,0.000763986,43,92.3,0
2015-06-28 18:53Z,1.3,0.000785424,43,92.3,0
2015-06-28 18:54Z,1.2,0.000794167,43,92.3,0
2015-06-28 18:55Z,1.2,0.000811946,44,92.3,0
2015-06-28 18:56Z,1.2,0.000820984,43,91.4,0
2015-06-28 18:57Z,1.2,0.000839363,44,91.4,0
2015-06-28 18:58Z,1.2,0.000862917,43,91.4,0
2015-06-28 18:59Z,1.2,0.000882235,45,91.4,0
2015-06-28 19:00Z,1.2,0.000901986,43,91.4,0
2015-06-28 19:01Z,1.2,0.000917088,42,91.4,0
2015-06-28 19:02Z,1.2,0.000932444,42,91.4,0
2015-06-28 19:03Z,1.2,0.00100201,43,91.4,0
2015-06-28 19:04Z,1.3,0.00107082,43,91.4,0
2015-06-28 19:05Z,1.2,0.00110087,43,91.4,0
2015-06-28 19:06Z,1.2,0.00112552,42,91.4,0
2015-06-28 19:07Z,1.2,0.00119617,42,91.4,0
2015-06-28 19:08Z,1.2,0.0012162,42,91.4,0
2015-06-28 19:09Z,1.2,0.00125033,42,90.5,0
2015-06-28 19:10Z,1.2,0.00127127,43,90.5,0
2015-06-28 19:11Z,1.2,0.00132149,43,90.5,0
2015-06-28 19:12Z,1.2,0.00135107,44,90.5,0
2015-06-28 19:13Z,1.2,0.00163988,43,90.5,0
2015-06-28 19:14Z,1.3,0.00167659,43,90.5,0
2015-06-28 19:15Z,1.2,0.00164898,43,90.5,0
2015-06-28 19:16Z,1.2,0.00163988,43,90.5,0
2015-06-28 19:17Z,1.2,0.0016859,44,90.5,0
2015-06-28 19:18Z,1.5,0.0017525,46,90.5,0
2015-06-28 19:19Z,1.3,0.00105319,41,90.5,0
2015-06-28 19:20Z,1.2,0.00101316,41,90.5,0
2015-06-28 19:21Z,1.3,0.00101879,42,90.5,0
2015-06-28 19:22Z,1.2,0.00138899,42,90.5,0
2015-06-28 19:23Z,1.2,0.00155158,43,90.5,0
2015-06-28 19:24Z,1.2,0.00171413,43,90.5,0
2015-06-28 19:25Z,1.2,0.00183184,43,90.5,0
2015-06-28 19:26Z,1.3,0.00183184,43,90.5,0
2015-06-28 19:27Z,1.2,0.00192541,42,90.5,0
2015-06-28 19:28Z,1.2,0.00190421,42,90.5,0
2015-06-28 19:29Z,1.2,0.00195765,41,90.5,0
2015-06-28 19:30Z,1.2,0.00192541,41,90.5,0
2015-06-28 19:31Z,1.2,0.00190421,41,90.5,0
2015-06-28 19:32Z,1.2,0.00206906,43,90.5,0
2015-06-28 19:33Z,1.2,0.00202375,41,89.6,0
2015-06-28 19:34Z,1.2,0.00212712,41,89.6,0
2015-06-28 19:35Z,1.3,0.00223577,42,89.6,0
2015-06-28 19:36Z,1.6,0.00234996,59,89.6,0
2015-06-28 19:37Z,1.2,0.0025393,51,89.6,0
2015-06-28 19:38Z,1.7,0.00687704,55,89.6,0
2015-06-28 19:39Z,1.2,0.000311649,42,89.6,0
2015-06-28 19:40Z,1.3,0.000277451,41,89.6,0
2015-06-28 19:41Z,1.2,0.000299805,39,89.6,0
2015-06-28 19:42Z,1.2,0.000303143,39,89.6,0
2015-06-28 19:43Z,1.2,0.000320395,39,88.7,0
2015-06-28 19:44Z,1.3,0.000316868,44,88.7,0
2015-06-28 19:45Z,1.2,0.000103015,40,88.7,0
2015-06-28 19:46Z,1.2,0.000103587,41,88.7,0
2015-06-28 19:47Z,1.2,0.000117651,43,88.7,0
2015-06-28 19:48Z,1.2,0.000144389,39,89.6,0
2015-06-28 19:49Z,1.2,0.000156023,42,89.6,0
2015-06-28 19:50Z,1.2,0.000156023,42,89.6,0
2015-06-28 19:51Z,1.2,0.000172368,42,89.6,0
2015-06-28 19:52Z,1.4,0.000174287,42,89.6,0
2015-06-28 19:53Z,1.2,0.000695377,39,89.6,0
2015-06-28 19:54Z,1.2,0.000699236,46,89.6,0
2015-06-28 19:55Z,1.5,0.000703117,49,89.6,0
2015-06-28 19:56Z,1.3,0.00115072,44,89.6,0
2015-06-28 19:57Z,1.2,0.000598849,40,89.6,0
2015-06-28 19:58Z,1.2,0.000747257,42,89.6,0
2015-06-28 19:59Z,1.2,0.000844022,40,89.6,0
2015-06-28 20:00Z,1.2,0.000897007,42,90.5,0
2015-06-28 20:01Z,1.2,0.000927297,41,90.5,0
2015-06-28 20:02Z,1.2,0.00096393,39,90.5,0
2015-06-28 20:03Z,1.3,0.000927297,41,90.5,0
2015-06-28 20:04Z,1.2,0.000912026,41,90.5,0
2015-06-28 20:05Z,1.2,0.000927297,42,90.5,0
2015-06-28 20:06Z,1.4,0.00097466,44,90.5,0
2015-06-28 20:07Z,1.2,0.000585736,41,90.5,0
2015-06-28 20:08Z,1.3,0.000352006,41,90.5,0
2015-06-28 20:09Z,1.2,0.000507227,39,90.5,0
2015-06-28 20:10Z,1.2,0.000755575,41,90.5,0
2015-06-28 20:11Z,1.3,0.000825541,41,90.5,0
2015-06-28 20:12Z,1.2,0.000867707,39,90.5,0
2015-06-28 20:13Z,1.2,0.000887132,40,90.5,0
2015-06-28 20:14Z,1.2,0.000927297,41,90.5,0
2015-06-28 20:15Z,1.2,0.00096393,40,91.4,0
2015-06-28 20:16Z,1.2,0.00096928,40,91.4,0
2015-06-28 20:17Z,1.2,0.00099648,39,91.4,0
2015-06-28 20:18Z,1.2,0.00102444,40,91.4,0
2015-06-28 20:19Z,1.2,0.00103585,39,91.4,0
2015-06-28 20:20Z,1.2,0.00105319,39,91.4,0
2015-06-28 20:21Z,1.3,0.00107082,41,91.4,0
2015-06-28 20:22Z,1.2,0.0010948,40,91.4,0
2015-06-28 20:23Z,1.2,0.00110698,39,91.4,0
2015-06-28 20:24Z,1.2,0.00112552,39,91.4,0
2015-06-28 20:25Z,1.2,0.00113805,39,91.4,0
2015-06-28 20:26Z,1.2,0.00114436,40,91.4,0
2015-06-28 20:27Z,1.2,0.0011571,39,91.4,0
2015-06-28 20:28Z,1.2,0.00116998,40,91.4,0
2015-06-28 20:29Z,1.2,0.00118957,40,91.4,0
2015-06-28 20:30Z,1.2,0.00118957,39,91.4,0
2015-06-28 20:31Z,1.3,0.00120281,40,92.3,0
2015-06-28 20:32Z,1.2,0.00117648,40,91.4,0
2015-06-28 20:33Z,1.2,0.00118301,39,91.4,0
2015-06-28 20:34Z,1.2,0.00119617,41,91.4,0
2015-06-28 20:35Z,1.2,0.00120281,40,91.4,0
2015-06-28 20:36Z,1.2,0.00122295,41,92.3,0
2015-06-28 20:37Z,1.2,0.00124343,39,92.3,0
2015-06-28 20:38Z,1.2,0.00123657,40,92.3,0
2015-06-28 20:39Z,1.2,0.00122974,40,92.3,0
2015-06-28 20:40Z,1.2,0.00124343,39,92.3,0
2015-06-28 20:41Z,1.2,0.00125727,39,92.3,0
2015-06-28 20:42Z,1.3,0.00125033,39,92.3,0
2015-06-28 20:43Z,1.2,0.00127127,41,92.3,0
2015-06-28 20:44Z,1.2,0.00127127,39,92.3,0
2015-06-28 20:45Z,1.2,0.00128542,40,92.3,0
2015-06-28 20:46Z,1.2,0.00128542,40,92.3,0
2015-06-28 20:47Z,1.2,0.00128542,39,92.3,0
2015-06-28 20:48Z,1.5,0.00129255,50,92.3,0
2015-06-28 20:49Z,1.7,0.00116352,65,92.3,0
2015-06-28 20:50Z,1.4,0.00172364,54,91.4,0
2015-06-28 20:51Z,1.4,0.000718858,49,91.4,0
2015-06-28 20:52Z,1.2,0.00113805,44,91.4,0
2015-06-28 20:53Z,1.3,0.00141224,42,91.4,0
2015-06-28 20:54Z,1.2,0.00145187,43,91.4,0
2015-06-28 20:55Z,1.2,0.00146803,42,90.5,0
2015-06-28 20:56Z,1.2,0.00149261,43,90.5,0
2015-06-28 20:57Z,1.2,0.0015009,43,90.5,0
2015-06-28 20:58Z,1.2,0.00152603,42,90.5,0
2015-06-28 20:59Z,1.2,0.00152603,41,90.5,0
2015-06-28 21:00Z,1.2,0.0015009,42,90.5,0
2015-06-28 21:01Z,1.2,0.00151761,41,90.5,0
2015-06-28 21:02Z,1.3,0.0015009,41,90.5,0
2015-06-28 21:03Z,1.2,0.0015345,42,90.5,0
2015-06-28 21:04Z,1.2,0.0015345,43,90.5,0
2015-06-28 21:05Z,1.2,0.00154302,43,90.5,0
2015-06-28 21:06Z,1.2,0.00155158,42,90.5,0
2015-06-28 21:07Z,1.2,0.00156019,42,90.5,0
2015-06-28 21:08Z,1.2,0.00155158,42,89.6,0
2015-06-28 21:09Z,1.2,0.00155158,42,89.6,0
2015-06-28 21:10Z,1.4,0.00156019,42,89.6,0
2015-06-28 21:11Z,1.2,0.00156885,46,89.6,0
2015-06-28 21:12Z,1.2,0.00163083,43,89.6,0
2015-06-28 21:13Z,1.2,0.00176223,42,89.6,0
2015-06-28 21:14Z,1.2,0.00180168,41,89.6,0
2015-06-28 21:15Z,1.2,0.00179173,41,89.6,0
2015-06-28 21:16Z,1.2,0.00182173,40,89.6,0
2015-06-28 21:17Z,1.2,0.00181168,40,89.6,0
2015-06-28 21:18Z,1.2,0.00184201,40,89.6,0
2015-06-28 21:19Z,1.4,0.00188325,41,89.6,0
2015-06-28 21:20Z,1.7,0.00164898,53,89.6,0
2015-06-28 21:21Z,1.4,0.000464239,55,88.7,0
2015-06-28 21:22Z,1.2,0.000932444,44,88.7,0
2015-06-28 21:23Z,1.2,0.00158631,42,89.6,0
2015-06-28 21:24Z,1.2,0.00174283,39,89.6,0
2015-06-28 21:25Z,1.2,0.00188325,39,90.5,0
2015-06-28 21:26Z,1.5,0.00201258,45,90.5,0
2015-06-28 21:27Z,1.4,0.00131419,47,90.5,0
2015-06-28 21:28Z,1.2,0.000189375,41,90.5,0
2015-06-28 21:29Z,1.2,0.000185228,41,90.5,0
2015-06-28 21:30Z,1.2,0.000177205,43,89.6,0
2015-06-28 21:31Z,1.2,0.000171417,42,89.6,0
2015-06-28 21:32Z,1.2,0.000160401,43,89.6,0
2015-06-28 21:33Z,1.2,0.000147622,43,89.6,0
2015-06-28 21:34Z,1.4,0.000135861,46,89.6,0
2015-06-28 21:35Z,1.2,0.000113179,41,89.6,0
2015-06-28 21:36Z,1.2,0.000107679,40,89.6,0
2015-06-28 21:37Z,1.2,0.000108878,40,89.6,0
2015-06-28 21:38Z,1.2,0.000126428,40,89.6,0
2015-06-28 21:39Z,1.3,0.000105906,42,89.6,0
2015-06-28 21:40Z,1.2,0.000104162,41,89.6,0
2015-06-28 21:41Z,1.5,0.000348131,50,90.5,0
2015-06-28 21:42Z,1.2,0.000629436,40,90.5,0
2015-06-28 21:43Z,1.2,0.000703117,39,90.5,0
2015-06-28 21:44Z,1.2,0.000768226,46,91.4,0
2015-06-28 21:45Z,1.2,0.000825541,49,91.4,0
2015-06-28 21:46Z,1.2,0.000872523,47,91.4,0
2015-06-28 21:47Z,1.2,0.000932444,45,91.4,0
2015-06-28 21:48Z,1.3,0.00095861,43,91.4,0
2015-06-28 21:49Z,1.2,0.00099648,43,91.4,0
2015-06-28 21:50Z,1.2,0.00101879,43,91.4,0
2015-06-28 21:51Z,1.2,0.00105319,44,91.4,0
2015-06-28 21:52Z,1.2,0.00110087,44,91.4,0
2015-06-28 21:53Z,1.2,0.00110087,47,91.4,0
2015-06-28 21:54Z,1.2,0.00111931,43,91.4,0
2015-06-28 21:55Z,1.2,0.00114436,43,91.4,0
2015-06-28 21:56Z,1.5,0.00117648,51,91.4,0
2015-06-28 21:57Z,1.2,0.000348131,41,91.4,0
2015-06-28 21:58Z,1.2,0.000108878,42,91.4,0
2015-06-28 21:59Z,1.2,0.000103015,40,90.5,0
2015-06-28 22:00Z,1.2,0.00010076,42,90.5,0
2015-06-28 22:01Z,1.2,9.91004e-05,42,90.5,0
2015-06-28 22:02Z,1.3,9.96505e-05,41,90.5,0
2015-06-28 22:03Z,1.4,9.80094e-05,41,89.6,0
2015-06-28 22:04Z,1.2,9.74685e-05,41,89.6,0
2015-06-28 22:05Z,1.2,0.000350063,40,89.6,0
2015-06-28 22:06Z,1.2,0.000427252,41,89.6,0
2015-06-28 22:07Z,1.3,0.000490659,40,90.5,0
2015-06-28 22:08Z,1.2,0.00054507,40,90.5,0
2015-06-28 22:09Z,1.5,0.000585736,44,90.5,0
2015-06-28 22:10Z,1.2,0.000427252,45,90.5,0
2015-06-28 22:11Z,1.2,0.000527265,44,90.5,0
2015-06-28 22:12Z,1.2,0.000563475,46,90.5,0
2015-06-28 22:13Z,1.3,0.000595543,60,90.5,0
2015-06-28 22:14Z,1.3,0.000615653,56,90.5,0
2015-06-28 22:15Z,1.3,0.00051572,44,90.5,0
2015-06-28 22:16Z,1.3,0.000548095,44,90.5,0
2015-06-28 22:17Z,1.2,0.000518582,43,90.5,0
2015-06-28 22:18Z,1.2,0.000533135,43,90.5,0
2015-06-28 22:19Z,1.4,0.00054507,46,90.5,0
2015-06-28 22:20Z,1.5,0.000566603,50,90.5,0
2015-06-28 22:21Z,1.2,0.000309929,44,90.5,0
2015-06-28 22:22Z,1.2,0.000104162,44,89.6,0
2015-06-28 22:23Z,1.2,0.000102447,43,89.6,0
2015-06-28 22:24Z,1.2,0.000101319,42,89.6,0
2015-06-28 22:25Z,1.2,0.000103015,43,89.6,0
2015-06-28 22:26Z,1.4,9.96505e-05,45,89.6,0
2015-06-28 22:27Z,1.4,0.000180172,39,89.6,0
2015-06-28 22:28Z,1.5,0.000374104,53,89.6,0
2015-06-28 22:29Z,1.2,0.000361884,44,89.6,0
2015-06-28 22:30Z,1.2,0.000434406,42,89.6,0
2015-06-28 22:31Z,1.2,0.000449075,43,89.6,0
2015-06-28 22:32Z,1.3,0.000472012,43,89.6,0
2015-06-28 22:33Z,1.2,0.000493382,42,89.6,0
2015-06-28 22:34Z,1.2,0.000501643,42,89.6,0
2015-06-28 22:35Z,1.2,0.000507227,43,89.6,0
2015-06-28 22:36Z,1.2,0.000521461,43,89.6,0
2015-06-28 22:37Z,1.2,0.000530192,43,89.6,0
2015-06-28 22:38Z,1.2,0.000536094,43,88.7,0
2015-06-28 22:39Z,1.2,0.000539069,42,88.7,0
2015-06-28 22:40Z,1.2,0.000548095,43,88.7,0
2015-06-28 22:41Z,1.2,0.000554196,43,88.7,0
2015-06-28 22:42Z,1.3,0.000563475,43,88.7,0
2015-06-28 22:43Z,1.2,0.00057291,44,88.7,0
2015-06-28 22:44Z,1.2,0.00057291,44,88.7,0
2015-06-28 22:45Z,1.2,0.00057609,44,88.7,0
2015-06-28 22:46Z,1.2,0.000582503,45,88.7,0
2015-06-28 22:47Z,1.2,0.000598849,44,88.7,0
2015-06-28 22:48Z,1.2,0.000625962,44,88.7,0
2015-06-28 22:49Z,1.2,0.000639975,44,88.7,0
2015-06-28 22:50Z,1.2,0.000647099,45,88.7,0
2015-06-28 22:51Z,1.2,0.000639975,46,88.7,0
2015-06-28 22:52Z,1.2,0.00065069,44,88.7,0
2015-06-28 22:53Z,1.3,0.00066895,45,88.7,0
2015-06-28 22:54Z,1.2,0.000657934,44,88.7,0
2015-06-28 22:55Z,1.2,0.00066895,45,88.7,0
2015-06-28 22:56Z,1.2,0.000676396,45,88.7,0
2015-06-28 22:57Z,1.2,0.000687721,44,88.7,0
2015-06-28 22:58Z,1.2,0.000699236,44,87.8,0
2015-06-28 22:59Z,1.2,0.000699236,43,87.8,0
2015-06-28 23:00Z,1.2,0.000691539,44,87.8,0
2015-06-28 23:01Z,1.2,0.000691539,44,87.8,0
2015-06-28 23:02Z,1.2,0.000691539,44,87.8,0
2015-06-28 23:03Z,1.6,0.000699236,43,87.8,0
2015-06-28 23:04Z,1.4,0.000629436,58,87.8,0
2015-06-28 23:05Z,1.2,0.000672663,40,87.8,0
2015-06-28 23:06Z,1.2,0.000730894,39,87.8,0
2015-06-28 23:07Z,1.2,0.00077249,39,87.8,0
2015-06-28 23:08Z,1.2,0.000798575,40,88.7,0
2015-06-28 23:09Z,1.2,0.000839363,40,88.7,0
2015-06-28 23:10Z,1.2,0.000872523,39,89.6,0
2015-06-28 23:11Z,1.2,0.000917088,39,89.6,0
2015-06-28 23:12Z,1.3,0.000942823,39,89.6,0
2015-06-28 23:13Z,1.2,0.00096928,40,90.5,0
2015-06-28 23:14Z,1.2,0.000990979,39,90.5,0
2015-06-28 23:15Z,1.2,0.00101316,39,90.5,0
2015-06-28 23:16Z,1.2,0.00103013,41,90.5,0
2015-06-28 23:17Z,1.2,0.00105904,40,91.4,0
2015-06-28 23:18Z,1.2,0.0010948,39,91.4,0
2015-06-28 23:19Z,1.2,0.00112552,38,91.4,0
2015-06-28 23:20Z,1.5,0.00113177,45,91.4,0
2015-06-28 23:21Z,1.2,0.000825541,41,91.4,0
2015-06-28 23:22Z,1.2,0.000639975,44,91.4,0
2015-06-28 23:23Z,1.2,0.000665257,41,91.4,0
2015-06-28 23:24Z,1.2,0.00066895,41,90.5,0
2015-06-28 23:25Z,1.2,0.000665257,44,90.5,0
2015-06-28 23:26Z,1.6,0.000665257,47,90.5,0
2015-06-28 23:27Z,1.2,,,,0
2015-06-28 23:28Z,1.2,,,,0
2015-06-28 23:29Z,1.2,,,,0
2015-06-28 23:30Z,1.2,,,,0
2015-06-28 23:31Z,1.1,,82,,0
2015-06-28 23:32Z,1.2,0.000212717,50,89.6,0
2015-06-28 23:33Z,1.3,0.000542061,41,90.5,0
2015-06-28 23:34Z,1.3,0.000608876,43,90.5,0
2015-06-28 23:35Z,1.2,0.000585736,44,91.4,0
2015-06-28 23:36Z,1.2,0.000602172,42,91.4,0
2015-06-28 23:37Z,1.2,0.000636442,41,90.5,0
2015-06-28 23:38Z,1.2,0.000643527,41,90.5,0
2015-06-28 23:39Z,1.2,0.000657934,39,90.5,0
2015-06-28 23:40Z,1.2,0.00066895,40,90.5,0
2015-06-28 23:41Z,1.2,0.000661585,43,90.5,0
2015-06-28 23:42Z,1.3,0.000661585,42,90.5,0
2015-06-28 23:43Z,1.2,0.000676396,42,90.5,0
2015-06-28 23:44Z,1.2,0.000687721,43,90.5,0
2015-06-28 23:45Z,1.2,0.000683925,43,90.5,0
2015-06-28 23:46Z,1.4,0.000687721,47,89.6,0
2015-06-28 23:47Z,1.2,0.00065069,46,89.6,0
2015-06-28 23:48Z,1.2,0.000734951,44,90.5,0
2015-06-28 23:49Z,1.2,0.000811946,45,90.5,0
2015-06-28 23:50Z,1.2,0.000867707,43,90.5,0
2015-06-28 23:51Z,1.2,0.000922179,43,90.5,0
2015-06-28 23:52Z,1.4,0.000953318,45,91.4,0
2015-06-28 23:53Z,1.5,0.00097466,45,91.4,0
2015-06-28 23:54Z,1.2,0.000602172,41,91.4,0
2015-06-28 23:55Z,1.2,0.000542061,41,91.4,0
2015-06-28 23:56Z,1.2,0.000643527,44,91.4,0
2015-06-28 23:57Z,1.2,0.00068015,45,91.4,0
2015-06-28 23:58Z,1.2,0.000722848,43,91.4,0
2015-06-28 23:59Z,1.3,0.000751404,44,91.4,0
2015-06-29 00:00Z,1.3,0.000785424,41,91.4,0
2015-06-29 00:01Z,1.3,,,,0
2015-06-29 00:02Z,1.2,,,,0
2015-06-29 00:03Z,1.2,,,,0
2015-06-29 00:04Z,1.2,,,,0
2015-06-29 00:05Z,1.2,,,,0
2015-06-29 00:06Z,1.2,,,,0
2015-06-29 00:07Z,1.2,,,,0
2015-06-29 00:08Z,1.2,,,,0
2015-06-29 00:09Z,1.2,,83,,0
2015-06-29 00:10Z,1.5,0.00054507,64,92.3,0
2015-06-29 00:11Z,1.3,0.000363893,50,93.2,0
2015-06-29 00:12Z,1.2,0.000378268,49,93.2,0
2015-06-29 00:13Z,1.6,0.000395394,47,93.2,0
2015-06-29 00:14Z,1.2,9.91004e-05,47,93.2,0
2015-06-29 00:15Z,1.2,9.96505e-05,46,92.3,0
2015-06-29 00:16Z,1.4,9.96505e-05,47,91.4,0
2015-06-29 00:17Z,1.2,9.85534e-05,47,91.4,0
2015-06-29 00:18Z,1.2,0.000479915,47,91.4,0
2015-06-29 00:19Z,1.2,0.000602172,48,91.4,0
2015-06-29 00:20Z,1.2,0.00068015,45,91.4,0
2015-06-29 00:21Z,1.3,0.00073903,49,92.3,0
2015-06-29 00:22Z,1.2,0.000794167,50,92.3,0
2015-06-29 00:23Z,1.2,0.000844022,46,92.3,0
2015-06-29 00:24Z,1.2,0.000912026,48,92.3,0
2015-06-29 00:25Z,1.2,0.000948056,49,92.3,0
2015-06-29 00:26Z,1.2,0.00099648,49,92.3,0
2015-06-29 00:27Z,1.4,0.00104738,55,92.3,0
2015-06-29 00:28Z,1.2,0.000892056,41,92.3,0
2015-06-29 00:29Z,1.2,0.000830123,42,92.3,0
2015-06-29 00:30Z,1.2,0.000872523,40,92.3,0
2015-06-29 00:31Z,1.2,0.000901986,45,92.3,0
2015-06-29 00:32Z,1.2,0.000927297,41,92.3,0
2015-06-29 00:33Z,1.5,0.000942823,45,92.3,0
2015-06-29 00:34Z,1.6,0.000303143,60,92.3,0
2015-06-29 00:35Z,1.2,0.000592256,46,92.3,0
2015-06-29 00:36Z,1.2,0.000785424,47,92.3,0
2015-06-29 00:37Z,1.2,0.000853417,46,92.3,0
2015-06-29 00:38Z,1.4,0.000901986,45,92.3,0
2015-06-29 00:39Z,1.2,0.00102444,44,93.2,0
2015-06-29 00:40Z,1.2,0.00113805,46,93.2,0
2015-06-29 00:41Z,1.2,0.00118301,45,93.2,0
2015-06-29 00:42Z,1.2,0.00120949,46,93.2,0
2015-06-29 00:43Z,1.2,0.00127832,45,94.1,0
2015-06-29 00:44Z,1.2,0.0013362,46,94.1,0
2015-06-29 00:45Z,1.2,0.00135857,46,94.1,0
2015-06-29 00:46Z,1.2,0.00140445,48,94.1,0
2015-06-29 00:47Z,1.2,0.00167659,46,94.1,0
2015-06-29 00:48Z,1.2,0.00150923,46,94.1,0
2015-06-29 00:49Z,1.3,0.00157756,44,94.1,0
2015-06-29 00:50Z,1.2,0.00169526,46,94.1,0
2015-06-29 00:51Z,1.2,0.00178184,46,95,0
2015-06-29 00:52Z,1.2,0.00178184,47,95,0
2015-06-29 00:53Z,1.2,0.00180168,47,95,0
2015-06-29 00:54Z,1.2,0.00183184,47,95,0
2015-06-29 00:55Z,1.2,0.00186252,47,95,0
2015-06-29 00:56Z,1.2,0.00187285,46,95,0
2015-06-29 00:57Z,1.2,0.00194684,47,95,0
2015-06-29 00:58Z,1.2,0.00194684,48,95,0
2015-06-29 00:59Z,1.3,0.00288404,47,95,0
2015-06-29 01:00Z,1.2,0.00208054,47,95,0
2015-06-29 01:01Z,1.2,0.00213893,46,95,0
2015-06-29 01:02Z,1.2,0.00212712,48,95,0
2015-06-29 01:03Z,1.5,0.00218681,46,95,0
2015-06-29 01:04Z,1.3,0.00161288,51,95,0
2015-06-29 01:05Z,1.2,0.00135107,48,94.1,0
2015-06-29 01:06Z,1.3,0.00135107,43,94.1,0
2015-06-29 01:07Z,1.9,0.00134361,48,93.2,0
2015-06-29 01:08Z,1.4,0.000196856,59,93.2,0
2015-06-29 01:09Z,1.2,0.00110698,45,92.3,0
2015-06-29 01:10Z,2,0.00143589,62,92.3,0
2015-06-29 01:11Z,2.3,0.00129255,75,92.3,0
2015-06-29 01:12Z,1.9,0.00061907,79,92.3,0
2015-06-29 01:13Z,1.8,0.000629436,54,91.4,0
2015-06-29 01:14Z,2,0.000853417,65,91.4,0
2015-06-29 01:15Z,1.2,0.000676396,57,91.4,0
2015-06-29 01:16Z,1.2,0.00138132,43,91.4,0
2015-06-29 01:17Z,1.2,0.00144386,43,91.4,0
2015-06-29 01:18Z,1.6,0.00155158,46,91.4,0
2015-06-29 01:19Z,1.2,0.000374104,44,91.4,0
2015-06-29 01:20Z,1.2,0.00010076,45,91.4,0
2015-06-29 01:21Z,1.2,0.000103587,44,90.5,0
2015-06-29 01:22Z,1.7,0.000103015,48,90.5,0
2015-06-29 01:23Z,1.2,0.000268388,47,90.5,0
2015-06-29 01:24Z,1.2,0.00100757,47,91.4,0
2015-06-29 01:25Z,1.6,0.00116998,45,91.4,0
2015-06-29 01:26Z,1.3,0.000338629,45,92.3,0
2015-06-29 01:27Z,1.6,0.000102447,49,91.4,0
2015-06-29 01:28Z,1.5,0.000122298,50,91.4,0
2015-06-29 01:29Z,1.2,0.000212717,44,91.4,0
2015-06-29 01:30Z,1.2,9.22202e-05,45,90.5,0
2015-06-29 01:31Z,1.2,9.12049e-05,44,90.5,0
2015-06-29 01:32Z,1.3,9.02009e-05,45,90.5,0
2015-06-29 01:33Z,1.2,8.92078e-05,44,90.5,0
2015-06-29 01:34Z,1.3,0.000268388,48,90.5,0
2015-06-29 01:35Z,1.2,0.000342398,43,90.5,0
2015-06-29 01:36Z,1.8,0.000391042,58,90.5,0
2015-06-29 01:37Z,2.4,0.000441679,58,90.5,0
2015-06-29 01:38Z,2.3,0.000399796,81,90.5,0
2015-06-29 01:39Z,2.2,0.000424894,83,90.5,0
2015-06-29 01:40Z,2.4,0.000501643,83,90.5,0
2015-06-29 01:41Z,1.9,0.000477266,81,90.5,8
2015-06-29 01:42Z,2.1,0.000566603,87,90.5,0
2015-06-29 01:43Z,2.1,0.000498874,74,90.5,0
2015-06-29 01:44Z,2,0.000602172,80,91.4,0
2015-06-29 01:45Z,1.6,0.000490659,58,91.4,0
2015-06-29 01:46Z,1.8,0.00011896,50,90.5,0
2015-06-29 01:47Z,1.3,0.000318626,48,91.4,0
2015-06-29 01:48Z,2.3,0.000331214,55,91.4,12
2015-06-29 01:49Z,2.2,0.000216279,88,91.4,12
2015-06-29 01:50Z,2.3,0.000446596,79,91.4,0
2015-06-29 01:51Z,2.4,0.000451567,72,91.4,9
2015-06-29 01:52Z,2.9,0.000530192,84,91.4,17
2015-06-29 01:53Z,4,0.000507227,90,91.4,38
2015-06-29 01:54Z,2.4,0.000474632,83,91.4,0
2015-06-29 01:55Z,2.1,0.000417897,83,91.4,0
2015-06-29 01:56Z,2.3,0.000595543,81,91.4,0
2015-06-29 01:57Z,2.4,0.000582503,76,91.4,0
2015-06-29 01:58Z,2.1,0.000548095,71,91.4,0
2015-06-29 01:59Z,2.1,0.000592256,83,91.4,0
2015-06-29 02:00Z,2.3,0.000560365,81,91.4,0
2015-06-29 02:01Z,2.3,0.000647099,90,91.4,0
2015-06-29 02:02Z,2.8,0.000730894,102,91.4,11
2015-06-29 02:03Z,8.4,0.000718858,104,91.4,89
2015-06-29 02:04Z,9.5,0.00065069,100,91.4,102
2015-06-29 02:05Z,4,0.00071489,88,91.4,29
2015-06-29 02:06Z,9.1,0.000579287,94,91.4,95
2015-06-29 02:07Z,10.1,0.000527265,96,91.4,101
2015-06-29 02:08Z,4.8,0.00065069,89,91.4,40
2015-06-29 02:09Z,4.9,0.000560365,92,91.4,56
2015-06-29 02:10Z,9.5,0.000763986,99,91.4,96
2015-06-29 02:11Z,6,0.000917088,105,92.3,62
2015-06-29 02:12Z,2.3,0.00105319,99,92.3,0
2015-06-29 02:13Z,2.2,0.00178184,89,92.3,0
2015-06-29 02:14Z,2.3,0.00232409,83,92.3,0
2015-06-29 02:15Z,2.2,0.00275912,89,92.3,19
2015-06-29 02:16Z,2,0.0024428,90,91.4,0
2015-06-29 02:17Z,2.3,0.00291615,89,91.4,0
2015-06-29 02:18Z,2.5,0.00219895,79,91.4,0
2015-06-29 02:19Z,2.6,0.0034429,82,91.4,10
2015-06-29 02:20Z,9,0.000734951,99,91.4,102
2015-06-29 02:21Z,9.9,0.00348122,101,91.4,98
2015-06-29 02:22Z,7,0.00636426,101,91.4,78
2015-06-29 02:23Z,8.5,0.00743114,116,91.4,77
2015-06-29 02:24Z,2.3,0.0104157,95,92.3,11
2015-06-29 02:25Z,2.3,0.0179169,96,92.3,9
2015-06-29 02:26Z,2,0.00436806,87,92.3,0
2015-06-29 02:27Z,2.5,0.0251128,89,91.4,0
2015-06-29 02:28Z,6.4,0.0393192,102,91.4,87
2015-06-29 02:29Z,7.9,0.0342381,104,90.5,86
2015-06-29 02:30Z,6.5,0.138125,100,90.5,58
2015-06-29 02:31Z,2.3,0.691486,107,91.4,0
2015-06-29 02:32Z,2.4,0.906924,89,91.4,0
2015-06-29 02:33Z,2.4,0.518543,91,91.4,0
2015-06-29 02:34Z,2.7,0.83006,92,91.4,0
2015-06-29 02:35Z,2.4,0.738975,97,91.4,0
2015-06-29 02:36Z,2.3,1.30684,95,91.4,0
2015-06-29 02:37Z,2.3,1.8521,94,91.4,0
2015-06-29 02:38Z,1.7,2.83634,84,91.4,0
2015-06-29 02:39Z,1.7,2.82068,81,91.4,0
2015-06-29 02:40Z,1.9,1.32872,77,90.5,0
2015-06-29 02:41Z,1.9,2.11522,70,90.5,0
2015-06-29 02:42Z,2.5,2.41572,85,90.5,0
2015-06-29 02:43Z,2.5,1.78171,85,90.5,0
2015-06-29 02:44Z,2.4,2.12696,98,90.5,0
2015-06-29 02:45Z,3.1,2.71348,99,90.5,16
2015-06-29 02:46Z,2.5,2.31109,88,90.5,0
2015-06-29 02:47Z,2.5,2.33681,92,90.5,0
2015-06-29 02:48Z,2,1.9575,81,90.5,0
2015-06-29 02:49Z,1.3,0.958537,67,90.5,0
2015-06-29 02:50Z,2.3,1.36601,81,90.5,0
2015-06-29 02:51Z,2.4,1.51749,80,90.5,0
2015-06-29 02:52Z,2.4,1.8521,91,91.4,0
2015-06-29 02:53Z,2.3,1.60385,82,91.4,0
2015-06-29 02:54Z,2.3,1.35847,94,91.4,0
2015-06-29 02:55Z,2.4,1.11922,102,91.4,0
2015-06-29 02:56Z,2.5,1.9467,103,91.4,0
2015-06-29 02:57Z,2.5,1.62171,95,91.4,0
2015-06-29 02:58Z,1.7,1.99028,100,91.4,0
2015-06-29 02:59Z,2.4,0.173312,95,90.5,0
2015-06-29 03:00Z,2.4,1.17639,91,91.4,0
2015-06-29 03:01Z,2.1,2.37594,98,91.4,0
2015-06-29 03:02Z,2.7,2.10354,85,91.4,13
2015-06-29 03:03Z,2.5,2.59595,92,91.4,0
2015-06-29 03:04Z,2.5,2.77423,101,91.4,0
2015-06-29 03:05Z,2.2,2.45617,105,91.4,0
2015-06-29 03:06Z,2.3,2.12696,92,91.4,0
2015-06-29 03:07Z,2.1,2.71348,97,90.5,0
2015-06-29 03:08Z,2.2,2.33681,91,90.5,8
2015-06-29 03:09Z,2.9,2.99775,92,90.5,7
2015-06-29 03:10Z,2.4,2.99775,87,90.5,0
2015-06-29 03:11Z,2.2,2.80511,95,90.5,0
2015-06-29 03:12Z,2.8,11.8289,96,90.5,0
2015-06-29 03:13Z,3,2.94839,108,90.5,6
2015-06-29 03:14Z,3.8,6.54236,106,90.5,31
2015-06-29 03:15Z,11.7,10.1869,108,90.5,131
2015-06-29 03:16Z,5,12.0269,95,90.5,19
2015-06-29 03:17Z,3.1,6.95307,87,90.5,11
2015-06-29 03:18Z,2.8,4.96071,96,90.5,14
2015-06-29 03:19Z,3.6,3.42364,104,91.4,33
2015-06-29 03:20Z,3,0.811885,113,91.4,0
2015-06-29 03:21Z,2.7,1.36601,99,91.4,0
2015-06-29 03:22Z,3.1,1.08266,82,91.4,20
2015-06-29 03:23Z,5.6,1.93595,85,90.5,55
2015-06-29 03:24Z,2.4,2.13876,85,90.5,0
2015-06-29 03:25Z,2.5,1.55146,91,90.5,0
2015-06-29 03:26Z,2.4,2.53911,97,90.5,0
2015-06-29 03:27Z,2.5,2.80511,96,90.5,0
2015-06-29 03:28Z,2.3,1.99028,80,90.5,0
2015-06-29 03:29Z,2.4,2.32392,84,90.5,0
2015-06-29 03:30Z,2.3,1.5429,87,90.5,0
2015-06-29 03:31Z,1.9,2.11522,79,90.5,0
2015-06-29 03:32Z,1.8,1.99028,84,90.5,0
2015-06-29 03:33Z,1.9,1.42786,72,90.5,0
2015-06-29 03:34Z,1.8,1.29963,77,90.5,0
2015-06-29 03:35Z,1.9,1.86238,74,90.5,0
2015-06-29 03:36Z,2.3,1.38888,70,90.5,8
2015-06-29 03:37Z,2.3,1.41214,81,91.4,0
2015-06-29 03:38Z,2.5,0.862852,92,91.4,11
2015-06-29 03:39Z,2.6,0.42722,84,91.4,0
2015-06-29 03:40Z,3,0.726805,87,91.4,26
2015-06-29 03:41Z,9.4,0.533094,92,91.4,94
2015-06-29 03:42Z,10.2,0.776719,103,91.4,98
2015-06-29 03:43Z,8,0.296483,106,91.4,85
2015-06-29 03:44Z,4.9,0.282075,116,92.3,44
2015-06-29 03:45Z,4.3,0.244267,98,92.3,55
2015-06-29 03:46Z,8.7,0.120943,94,92.3,85
2015-06-29 03:47Z,2.1,0.355898,92,92.3,0
2015-06-29 03:48Z,8.4,0.399766,91,93.2,99
2015-06-29 03:49Z,5.4,0.289991,108,93.2,45
2015-06-29 03:50Z,11.2,0.413265,123,92.3,103
2015-06-29 03:51Z,10,0.367916,120,92.3,88
2015-06-29 03:52Z,2.5,0.42722,110,93.2,0
2015-06-29 03:53Z,3,0.444097,99,92.3,10
2015-06-29 03:54Z,2.6,0.417865,104,92.3,0
2015-06-29 03:55Z,2.6,0.595498,108,92.3,0
2015-06-29 03:56Z,2.7,0.539029,106,92.3,0
2015-06-29 03:57Z,9.7,2.65407,99,91.4,107
2015-06-29 03:58Z,6.1,0.0507202,96,91.4,47
2015-06-29 03:59Z,1.7,1.69513,83,91.4,0
2015-06-29 04:00Z,1.4,1.80154,68,91.4,0
2015-06-29 04:01Z,1.3,1.48426,65,91.4,0
2015-06-29 04:02Z,1.2,1.32872,67,91.4,0
2015-06-29 04:03Z,1.4,1.08266,58,92.3,0
2015-06-29 04:04Z,1.5,0.554155,65,92.3,0
2015-06-29 04:05Z,2.1,0.0512848,70,92.3,0
2015-06-29 04:06Z,2.5,0.431975,81,92.3,9
2015-06-29 04:07Z,2.6,0.417865,91,92.3,11
2015-06-29 04:08Z,2.5,0.248357,97,92.3,12
2015-06-29 04:09Z,2.3,0.241578,85,92.3,0
2015-06-29 04:10Z,2.5,0.151753,85,93.2,0
2015-06-29 04:11Z,2.3,0.21867,94,93.2,0
2015-06-29 04:12Z,3.8,0.0107674,98,94.1,38
2015-06-29 04:13Z,2,0.313356,96,95,0
2015-06-29 04:14Z,2.2,0.245623,85,95.9,10
2015-06-29 04:15Z,2.3,0.223565,85,95.9,0
2015-06-29 04:16Z,2.4,0.145986,96,95.9,0
2015-06-29 04:17Z,2.4,0.213882,89,96.8,0
2015-06-29 04:18Z,2.4,0.224806,84,97.7,0
2015-06-29 04:19Z,2.3,0.223565,81,98.6,0
2015-06-29 04:20Z,2.4,0.222331,85,98.6,0
2015-06-29 04:21Z,3.7,0.195755,86,98.6,26
2015-06-29 04:22Z,2.7,0.184192,77,98.6,0
2015-06-29 04:23Z,2.8,0.185214,92,97.7,0
2015-06-29 04:24Z,3.9,0.105314,90,96.8,32
2015-06-29 04:25Z,4.5,0.103008,87,95.9,25
2015-06-29 04:26Z,3.2,0.0932397,89,95.9,17
2015-06-29 04:27Z,2.3,0.0598819,102,95,0
2015-06-29 04:28Z,2.5,0.0882191,94,95,0
2015-06-29 04:29Z,2.5,0.0703082,85,95.9,0
2015-06-29 04:30Z,2.3,0.0776738,90,96.8,0
2015-06-29 04:31Z,2.3,0.0892011,87,96.8,0
2015-06-29 04:32Z,2.4,0.0718822,89,96.8,0
2015-06-29 04:33Z,2.3,0.099643,85,96.8,0
2015-06-29 04:34Z,2.5,0.099093,81,97.7,0
2015-06-29 04:35Z,2.1,0.111925,82,97.7,0
2015-06-29 04:36Z,2.4,0.118951,95,96.8,0
2015-06-29 04:37Z,2.5,0.0665224,87,96.8,0
2015-06-29 04:38Z,2.4,0.0524329,82,96.8,0
2015-06-29 04:39Z,2.6,0.0464215,84,96.8,0
2015-06-29 04:40Z,2.4,0.0471988,82,96.8,0
2015-06-29 04:41Z,2.4,0.0471988,82,96.8,0
2015-06-29 04:42Z,2.6,0.0408725,89,96.8,0
2015-06-29 04:43Z,2.6,0.0357882,85,95.9,0
2015-06-29 04:44Z,2.5,0.0344281,81,96.8,0
2015-06-29 04:45Z,2.5,0.031861,84,96.8,0
2015-06-29 04:46Z,3.1,0.0316852,87,97.7,14
2015-06-29 04:47Z,2.6,0.0229845,108,97.7,20
2015-06-29 04:48Z,3.2,0.0342381,101,96.8,16
2015-06-29 04:49Z,2.1,0.0320379,100,95.9,0
2015-06-29 04:50Z,2,0.00369976,90,94.1,0
2015-06-29 04:51Z,2.2,0.00415579,99,93.2,0
2015-06-29 04:52Z,2.2,0.0180163,88,92.3,0
2015-06-29 04:53Z,2.2,0.0135104,91,92.3,0
2015-06-29 04:54Z,2.4,0.0157752,89,92.3,0
2015-06-29 04:55Z,2.5,0.0168586,80,93.2,0
2015-06-29 04:56Z,2.4,0.0179169,75,95,0
2015-06-29 04:57Z,2.4,0.018318,77,95.9,0
2015-06-29 04:58Z,2.6,0.0206901,82,96.8,0
2015-06-29 04:59Z,2.6,0.0197939,86,97.7,0
2015-06-29 05:00Z,2.4,0.020237,79,97.7,0
2015-06-29 05:01Z,2.6,0.0185219,72,98.6,0
2015-06-29 05:02Z,2.4,0.0177196,77,98.6,0
2015-06-29 05:03Z,2.5,0.0167655,80,98.6,7
2015-06-29 05:04Z,4.1,0.0142793,91,97.7,48
2015-06-29 05:05Z,4,0.0164894,99,97.7,26
2015-06-29 05:06Z,2.2,0.0138895,91,96.8,0
2015-06-29 05:07Z,1.9,0.0152599,75,95.9,0
2015-06-29 05:08Z,1.9,0.0114433,86,95,0
2015-06-29 05:09Z,1.7,0.0107674,74,94.1,0
2015-06-29 05:10Z,2.4,0.010708,76,94.1,9
2015-06-29 05:11Z,1.9,0.0110696,76,94.1,11
2015-06-29 05:12Z,2.8,0.00807444,81,94.1,0
2015-06-29 05:13Z,2.6,0.0123654,85,94.1,0
2015-06-29 05:14Z,2,0.00892034,75,94.1,0
2015-06-29 05:15Z,2.6,0.009428,67,94.1,0
2015-06-29 05:16Z,2.2,0.011635,81,93.2,0
2015-06-29 05:17Z,2.2,0.00830102,87,93.2,0
2015-06-29 05:18Z,1.7,0.00858133,80,93.2,0
2015-06-29 05:19Z,1.6,0.0071884,82,93.2,0
2015-06-29 05:20Z,2,0.00275912,77,93.2,0
2015-06-29 05:21Z,2.8,0.0104735,83,93.2,11
2015-06-29 05:22Z,2.7,0.00551123,87,93.2,18
2015-06-29 05:23Z,2.5,0.00348122,82,93.2,13
2015-06-29 05:24Z,2.1,0.00277444,79,94.1,0
2015-06-29 05:25Z,2.1,0.006055,80,94.1,0
2015-06-29 05:26Z,1.6,0.00734933,82,94.1,0
2015-06-29 05:27Z,2,0.00781069,79,94.1,0
2015-06-29 05:28Z,2,0.00763966,83,94.1,0
2015-06-29 05:29Z,2,0.00283655,83,93.2,0
2015-06-29 05:30Z,1.6,0.00298143,78,93.2,0
2015-06-29 05:31Z,1.8,0.00545056,80,93.2,0
2015-06-29 05:32Z,2,0.00524342,79,93.2,0
2015-06-29 05:33Z,1.8,0.00132149,75,93.2,0
2015-06-29 05:34Z,2.3,0.00391032,74,93.2,12
2015-06-29 05:35Z,2.3,0.00498862,80,93.2,0
2015-06-29 05:36Z,1.4,0.00411004,76,93.2,0
2015-06-29 05:37Z,1.8,0.00454062,76,93.2,0
2015-06-29 05:38Z,2.5,0.00278984,79,93.2,12
2015-06-29 05:39Z,5.8,0.00417886,105,92.3,52
2015-06-29 05:40Z,2.5,0.00395385,96,92.3,11
2015-06-29 05:41Z,2.1,0.00479903,83,92.3,0
2015-06-29 05:42Z,2.5,0.00269871,90,92.3,0
2015-06-29 05:43Z,2.6,0.00309921,92,92.3,17
2015-06-29 05:44Z,2.9,0.00315111,103,92.3,9
2015-06-29 05:45Z,4,0.00436806,96,92.3,39
2015-06-29 05:46Z,2.8,0.00388873,94,92.3,0
2015-06-29 05:47Z,2.5,0.00639959,92,92.3,0
2015-06-29 05:48Z,2.5,0.00369976,88,93.2,0
2015-06-29 05:49Z,2.6,0.00357891,97,94.1,0
2015-06-29 05:50Z,2.5,0.00350054,83,95,0
2015-06-29 05:51Z,2.3,0.00422538,73,95.9,0
2015-06-29 05:52Z,2.2,0.00434395,78,95.9,0
2015-06-29 05:53Z,2.5,0.00422538,81,96.8,0
2015-06-29 05:54Z,2.5,0.00395385,79,97.7,0
2015-06-29 05:55Z,2.5,0.00415579,80,97.7,0
2015-06-29 05:56Z,2.6,0.00446585,79,97.7,0
2015-06-29 05:57Z,2.6,0.00451556,82,98.6,0
2015-06-29 05:58Z,2.3,0.00527252,83,98.6,0
2015-06-29 05:59Z,2.3,0.00619055,89,98.6,0
2015-06-29 06:00Z,2.3,0.00776758,93,99.5,0
2015-06-29 06:01Z,2.5,0.022606,80,100.4,0
2015-06-29 06:02Z,3,0.00714872,83,99.5,27
2015-06-29 06:03Z,4.7,0.0150086,97,98.6,25
2015-06-29 06:04Z,2.6,0.00142796,99,97.7,0
2015-06-29 06:05Z,6.2,0.0205759,106,96.8,68
2015-06-29 06:06Z,6.2,0.0980021,93,95.9,74
2015-06-29 06:07Z,3.6,0.0632898,93,95,13
2015-06-29 06:08Z,2.4,0.0168586,88,94.1,0
2015-06-29 06:09Z,2.6,0.156877,86,93.2,11
2015-06-29 06:10Z,2.3,0.0582474,94,92.3,0
2015-06-29 06:11Z,2.2,0.0122971,92,91.4,0
2015-06-29 06:12Z,2.4,0.042723,88,91.4,0
2015-06-29 06:13Z,2.4,0.0311634,88,91.4,0
2015-06-29 06:14Z,2.4,0.0431986,92,91.4,0
2015-06-29 06:15Z,2.2,0.0150086,95,90.5,0
2015-06-29 06:16Z,2.3,0.0363874,94,90.5,0
2015-06-29 06:17Z,2.3,0.0410994,86,90.5,0
2015-06-29 06:18Z,2.3,0.203488,91,90.5,0
2015-06-29 06:19Z,2.1,0.231115,86,90.5,0
2015-06-29 06:20Z,2.4,0.213882,92,90.5,0
2015-06-29 06:21Z,2.3,0.099643,72,90.5,0
2015-06-29 06:22Z,2.2,0.0605484,87,90.5,0
2015-06-29 06:23Z,2.2,0.0369967,86,90.5,0
2015-06-29 06:24Z,2.3,0.0369967,90,90.5,0
2015-06-29 06:25Z,2.2,0.0388864,88,90.5,0
2015-06-29 06:26Z,2,0.0444108,92,90.5,0
2015-06-29 06:27Z,2.3,0.0441657,79,90.5,0
2015-06-29 06:28Z,2.2,0.0114433,84,90.5,0
2015-06-29 06:29Z,2.3,0.0338612,82,90.5,0
2015-06-29 06:30Z,2.2,0.0798535,85,90.5,0
2015-06-29 06:31Z,1.9,0.149254,87,90.5,0
2015-06-29 06:32Z,2.3,0.0501618,87,90.5,0
2015-06-29 06:33Z,2.3,0.0572881,91,90.5,0
2015-06-29 06:34Z,2,0.0521435,84,90.5,0
2015-06-29 06:35Z,2.1,0.0167655,84,90.5,0
2015-06-29 06:36Z,2.2,0.00269871,85,90.5,0
2015-06-29 06:37Z,6.3,0.022111,98,90.5,78
2015-06-29 06:38Z,2.9,0.0346192,80,90.5,3
2015-06-29 06:39Z,2,0.0858111,78,90.5,0
2015-06-29 06:40Z,2.2,0.0133616,77,90.5,0
2015-06-29 06:41Z,2.2,0.0194679,83,90.5,0
2015-06-29 06:42Z,2.2,0.0139666,82,90.5,0
2015-06-29 06:43Z,2.4,0.029649,87,90.5,0
2015-06-29 06:44Z,2.3,0.0338612,87,90.5,0
2015-06-29 06:45Z,2.2,0.0205759,77,90.5,0
2015-06-29 06:46Z,2.2,0.0293226,77,90.5,0
2015-06-29 06:47Z,2.1,0.0444108,73,90.5,0
2015-06-29 06:48Z,2.2,0.0359868,82,90.5,0
2015-06-29 06:49Z,2.3,0.0374085,82,90.5,0
2015-06-29 06:50Z,2.2,0.0386717,82,90.5,0
2015-06-29 06:51Z,2.3,0.0053608,95,90.5,0
2015-06-29 06:52Z,1.8,0.0142004,85,90.5,0
2015-06-29 06:53Z,2,0.00785404,83,89.6,0
2015-06-29 06:54Z,2,0.0110085,87,90.5,0
2015-06-29 06:55Z,2,0.0388864,85,90.5,0
2015-06-29 06:56Z,2.1,0.0229845,79,90.5,0
2015-06-29 06:57Z,2.2,0.0245629,80,90.5,0
2015-06-29 06:58Z,2.3,0.0228576,86,90.5,0
2015-06-29 06:59Z,2.4,0.0223571,103,90.5,0
2015-06-29 07:00Z,2.6,0.0291607,86,91.4,7
2015-06-29 07:01Z,2.2,0.0308203,84,91.4,0
2015-06-29 07:02Z,2.3,0.0355907,76,91.4,0
2015-06-29 07:03Z,2.3,0.00622491,83,90.5,0
2015-06-29 07:04Z,2.2,0.00263962,85,90.5,0
2015-06-29 07:05Z,2.4,0.0161284,89,90.5,0
2015-06-29 07:06Z,2.3,0.0140441,85,90.5,6
2015-06-29 07:07Z,2.4,0.0294854,86,90.5,0
2015-06-29 07:08Z,2.3,0.0261049,77,90.5,0
2015-06-29 07:09Z,1.5,0.0156015,70,90.5,0
2015-06-29 07:10Z,1.9,0.00399786,63,90.5,0
2015-06-29 07:11Z,5,0.00657917,82,90.5,48
2015-06-29 07:12Z,4.8,0.0115069,79,90.5,50
2015-06-29 07:13Z,2,0.00789764,77,90.5,0
2015-06-29 07:14Z,2.3,0.00472,76,90.5,0
2015-06-29 07:15Z,2.4,0.0142004,86,90.5,0
2015-06-29 07:16Z,2.2,0.0208049,84,90.5,0
2015-06-29 07:17Z,2.3,0.0209204,84,90.5,0
2015-06-29 07:18Z,2.3,0.0197939,86,90.5,0
2015-06-29 07:19Z,2.6,0.0165809,82,90.5,12
2015-06-29 07:20Z,2.2,0.0170462,82,89.6,0
2015-06-29 07:21Z,2.3,0.0136608,88,89.6,0
2015-06-29 07:22Z,2.2,0.0169521,77,89.6,8
2015-06-29 07:23Z,2.2,0.0217468,77,89.6,0
2015-06-29 07:24Z,2,0.0218675,67,90.5,0
2015-06-29 07:25Z,1.7,0.0122971,67,90.5,0
2015-06-29 07:26Z,1.8,0.0051003,68,90.5,0
2015-06-29 07:27Z,3.4,0.00595528,75,90.5,22
2015-06-29 07:28Z,1.8,0.00794147,75,90.5,0
2015-06-29 07:29Z,2,0.0125724,84,90.5,0
2015-06-29 07:30Z,1.7,0.0102442,73,90.5,0
2015-06-29 07:31Z,3.2,0.0034429,82,90.5,19
2015-06-29 07:32Z,1.8,0.0129969,72,91.4,0
2015-06-29 07:33Z,2,0.0122292,78,91.4,0
2015-06-29 07:34Z,2.6,0.0121617,71,91.4,15
2015-06-29 07:35Z,2.2,0.00393202,80,91.4,0
2015-06-29 07:36Z,2.2,0.0105901,75,91.4,0
2015-06-29 07:37Z,2.1,0.0115069,66,91.4,0
2015-06-29 07:38Z,1.7,0.0132879,70,91.4,0
2015-06-29 07:39Z,2.1,0.0132146,64,91.4,0
2015-06-29 07:40Z,2.2,0.00794147,70,91.4,0
2015-06-29 07:41Z,1.9,0.00643511,65,91.4,0
2015-06-29 07:42Z,2,0.0111928,72,91.4,0
2015-06-29 07:43Z,1.8,0.0071884,65,91.4,0
2015-06-29 07:44Z,1.9,0.0060886,70,91.4,0
2015-06-29 07:45Z,1.4,0.00680133,65,91.4,0
2015-06-29 07:46Z,1.7,0.0184197,65,92.3,0
2015-06-29 07:47Z,1.7,0.0100755,63,92.3,0
2015-06-29 07:48Z,1.6,0.00576076,66,91.4,0
2015-06-29 07:49Z,2.2,0.00451556,72,92.3,0
2015-06-29 07:50Z,2.4,0.00216273,78,92.3,0
2015-06-29 07:51Z,2.2,0.002669,82,92.3,0
2015-06-29 07:52Z,1.9,0.00296497,62,92.3,0
2015-06-29 07:53Z,1.6,0.00135857,58,92.3,0
2015-06-29 07:54Z,1.8,0.00482567,61,92.3,0
2015-06-29 07:55Z,2.1,0.00355916,56,92.3,0
2015-06-29 07:56Z,1.5,0.00548081,58,92.3,0
2015-06-29 07:57Z,1.4,0.00498862,58,92.3,0
2015-06-29 07:58Z,1.2,0.00557258,59,92.3,0
2015-06-29 07:59Z,1.8,0.00730876,61,92.3,0
2015-06-29 08:00Z,2.2,0.00228582,57,92.3,0
2015-06-29 08:01Z,2.2,0.00159512,72,92.3,0
2015-06-29 08:02Z,1.4,0.00226065,59,92.3,0
2015-06-29 08:03Z,1.5,0.00107677,66,92.3,0
2015-06-29 08:04Z,1.3,0.0024837,64,92.3,0
2015-06-29 08:05Z,1.5,0.00296497,62,92.3,0
2015-06-29 08:06Z,2.1,0.00299798,66,91.4,0
2015-06-29 08:07Z,2.2,0.00331205,69,91.4,0
2015-06-29 08:08Z,1.5,0.000485257,66,91.4,0
2015-06-29 08:09Z,2.1,0.000917088,61,91.4,0
2015-06-29 08:10Z,4.9,0.00228582,61,91.4,50
2015-06-29 08:11Z,4.6,0.00222342,78,91.4,30
2015-06-29 08:12Z,5.6,0.00263962,77,91.4,61
2015-06-29 08:13Z,4.1,0.00346201,85,91.4,36
2015-06-29 08:14Z,2.8,0.00315111,92,90.5,10
2015-06-29 08:15Z,4.4,0.00367934,83,90.5,41
2015-06-29 08:16Z,2.6,0.00259615,80,91.4,0
2015-06-29 08:17Z,2.2,0.00199043,77,91.4,0
2015-06-29 08:18Z,2.6,0.00451556,90,92.3,0
2015-06-29 08:19Z,2.6,0.00429613,98,93.2,0
2015-06-29 08:20Z,2.3,0.00830102,82,93.2,0
2015-06-29 08:21Z,2.6,0.00424883,77,93.2,0
2015-06-29 08:22Z,2.5,0.00395385,69,94.1,0
2015-06-29 08:23Z,2.5,0.00293233,75,95,0
2015-06-29 08:24Z,2.6,0.00315111,75,95,0
2015-06-29 08:25Z,2.3,0.00285229,72,95,0
2015-06-29 08:26Z,2.5,0.00304818,70,95,0
2015-06-29 08:27Z,2.6,0.00265427,77,95,0
2015-06-29 08:28Z,2.9,0.00282089,85,94.1,0
2015-06-29 08:29Z,2.4,0.00291615,90,94.1,0
2015-06-29 08:30Z,2.2,0.00301462,82,94.1,0
2015-06-29 08:31Z,2.1,0.000665257,82,94.1,0
2015-06-29 08:32Z,2.2,0.0062942,84,94.1,0
2015-06-29 08:33Z,2.5,0.00743114,84,94.1,0
2015-06-29 08:34Z,2.4,0.0101876,80,95,0
2015-06-29 08:35Z,2.5,0.00844001,73,95.9,0
2015-06-29 08:36Z,2.5,0.00807444,78,95.9,0
2015-06-29 08:37Z,2.6,0.00643511,75,95.9,0
2015-06-29 08:38Z,2.5,0.00755556,78,95.9,0
2015-06-29 08:39Z,3.5,0.0111928,72,95,24
2015-06-29 08:40Z,1.7,0.00927274,77,95,0
2015-06-29 08:41Z,2.4,0.0071884,91,95,15
2015-06-29 08:42Z,2.4,0.0259608,94,95,0
2015-06-29 08:43Z,2.5,0.0490634,86,95,0
2015-06-29 08:44Z,2.4,0.0619039,86,95,10
2015-06-29 08:45Z,3.6,0.0351989,91,94.1,30
2015-06-29 08:46Z,3,0.0917042,105,94.1,13
2015-06-29 08:47Z,3.1,0.431975,84,94.1,14
2015-06-29 08:48Z,2.6,1.10079,93,93.2,0
2015-06-29 08:49Z,2.5,0.0303128,83,93.2,0
2015-06-29 08:50Z,2.6,1.93595,90,92.3,0
2015-06-29 08:51Z,2.7,2.00132,93,92.3,0
2015-06-29 08:52Z,2.4,1.83171,92,92.3,0
2015-06-29 08:53Z,2.3,4.59082,84,92.3,0
2015-06-29 08:54Z,2.5,3.13348,88,92.3,0
2015-06-29 08:55Z,2.6,3.91002,109,92.3,0
2015-06-29 08:56Z,2.3,4.79867,89,92.3,0
2015-06-29 08:57Z,2.6,7.47182,83,92.3,0
2015-06-29 08:58Z,2.4,6.87652,87,92.3,0
2015-06-29 08:59Z,2.5,9.85411,88,92.3,9
2015-06-29 09:00Z,2.6,10.0191,87,92.3,0
2015-06-29 09:01Z,2.4,10.1869,90,91.4,0
2015-06-29 09:02Z,2.6,10.0747,84,91.4,0
2015-06-29 09:03Z,3.1,10.1869,91,91.4,19
2015-06-29 09:04Z,2.3,11.0687,89,91.4,0
2015-06-29 09:05Z,2.4,11.6341,93,91.4,0
2015-06-29 09:06Z,2.6,10.4727,94,91.4,0
2015-06-29 09:07Z,2.6,9.79972,83,91.4,0
2015-06-29 09:08Z,2.4,10.5893,84,91.4,0
2015-06-29 09:09Z,2.4,11.7636,78,91.4,0
2015-06-29 09:10Z,2.5,12.7819,80,91.4,7
2015-06-29 09:11Z,2.4,13.9655,88,91.4,0
2015-06-29 09:12Z,2.3,11.6341,87,91.4,10
2015-06-29 09:13Z,2.4,12.996,89,91.4,8
2015-06-29 09:14Z,1.6,14.4371,65,91.4,0
2015-06-29 09:15Z,2.3,1.06483,68,91.4,0
2015-06-29 09:16Z,1.5,6.91469,66,90.5,0
2015-06-29 09:17Z,1.5,11.3165,58,90.5,0
2015-06-29 09:18Z,1.6,3.34867,53,91.4,0
2015-06-29 09:19Z,2.3,10.5308,63,91.4,0
2015-06-29 09:20Z,2.2,11.506,84,91.4,8
2015-06-29 09:21Z,2.4,11.6341,80,91.4,0
2015-06-29 09:22Z,2.5,9.74562,73,91.4,0
2015-06-29 09:23Z,2.4,2.86791,89,91.4,0
2015-06-29 09:24Z,2.5,8.96917,89,91.4,0
2015-06-29 09:25Z,1.9,10.2434,73,91.4,0
2015-06-29 09:26Z,2,11.8945,78,92.3,0
2015-06-29 09:27Z,1.9,12.3644,71,92.3,0
2015-06-29 09:28Z,2.1,12.3644,82,92.3,0
2015-06-29 09:29Z,3.2,9.58513,83,92.3,26
2015-06-29 09:30Z,2.8,7.72412,84,92.3,10
2015-06-29 09:31Z,3.1,7.14818,89,92.3,0
2015-06-29 09:32Z,3.2,5.12822,82,92.3,21
2015-06-29 09:33Z,3.2,6.95307,83,92.3,15
2015-06-29 09:34Z,3,7.14818,93,92.3,15
2015-06-29 09:35Z,4.4,6.91469,92,92.3,35
2015-06-29 09:36Z,2.6,6.15591,88,92.3,0
2015-06-29 09:37Z,2.2,1.21611,72,92.3,0
2015-06-29 09:38Z,2.8,6.39911,70,91.4,8
2015-06-29 09:39Z,2.4,3.29352,68,91.4,8
2015-06-29 09:40Z,2.5,4.31965,72,91.4,0
2015-06-29 09:41Z,2.6,4.34362,74,91.4,0
2015-06-29 09:42Z,2.2,4.96071,78,90.5,0
2015-06-29 09:43Z,2.3,5.01593,81,90.5,0
2015-06-29 09:44Z,2.2,5.98789,85,91.4,0
2015-06-29 09:45Z,1.7,5.92197,63,91.4,0
2015-06-29 09:46Z,1.7,0.0672629,60,91.4,0
2015-06-29 09:47Z,1.8,1.99028,61,91.4,0
2015-06-29 09:48Z,1.7,3.36726,65,91.4,0
2015-06-29 09:49Z,1.6,2.99775,62,91.4,0
2015-06-29 09:50Z,3,0.27743,79,92.3,15
2015-06-29 09:51Z,2.9,2.45617,87,92.3,11
2015-06-29 09:52Z,2.5,3.22141,84,92.3,0
2015-06-29 09:53Z,2.6,3.03112,89,92.3,0
2015-06-29 09:54Z,2.2,3.20363,105,92.3,0
2015-06-29 09:55Z,2.5,3.67906,84,92.3,8
2015-06-29 09:56Z,2.8,3.7823,78,92.3,9
2015-06-29 09:57Z,2.3,4.20174,82,92.3,0
2015-06-29 09:58Z,2.3,4.24851,89,92.3,0
2015-06-29 09:59Z,2.5,3.55889,85,92.3,0
2015-06-29 10:00Z,2.4,3.53924,79,92.3,0
2015-06-29 10:01Z,2.5,3.76143,71,92.3,0
2015-06-29 10:02Z,2.4,3.91002,68,92.3,0
2015-06-29 10:03Z,2.1,4.01974,80,92.3,0
2015-06-29 10:04Z,2,4.01974,68,92.3,0
2015-06-29 10:05Z,1.8,4.2958,71,92.3,0
2015-06-29 10:06Z,2.1,5.51082,79,93.2,0
2015-06-29 10:07Z,1.9,4.8253,79,93.2,0
2015-06-29 10:08Z,1.9,6.47034,74,93.2,0
2015-06-29 10:09Z,1.8,7.94087,95,93.2,0
2015-06-29 10:10Z,2.2,9.11935,84,93.2,0
2015-06-29 10:11Z,2.2,9.11935,93,93.2,0
2015-06-29 10:12Z,2.4,11.4425,87,94.1,0
2015-06-29 10:13Z,2.4,11.5699,70,94.1,0
2015-06-29 10:14Z,2.4,9.79972,81,93.2,0
2015-06-29 10:15Z,1.6,12.0269,78,93.2,0
2015-06-29 10:16Z,1.9,3.61848,79,93.2,0
2015-06-29 10:17Z,2.8,1.5862,85,93.2,13
2015-06-29 10:18Z,2.3,12.2283,81,93.2,0
2015-06-29 10:19Z,2.7,12.6412,72,93.2,0
2015-06-29 10:20Z,2.6,12.1608,67,93.2,0
2015-06-29 10:21Z,2.6,11.2541,64,92.3,0
2015-06-29 10:22Z,2.6,10.4149,70,92.3,0
2015-06-29 10:23Z,2.5,10.6481,72,92.3,0
2015-06-29 10:24Z,2.7,10.0747,72,91.4,0
2015-06-29 10:25Z,2.6,9.79972,76,91.4,0
2015-06-29 10:26Z,2.4,9.27204,76,91.4,0
2015-06-29 10:27Z,2.6,9.06901,76,91.4,0
2015-06-29 10:28Z,2.5,8.48622,75,91.4,0
2015-06-29 10:29Z,2.5,8.25458,72,91.4,0
2015-06-29 10:30Z,2.4,8.3004,71,91.4,0
2015-06-29 10:31Z,2.5,7.26787,75,91.4,0
2015-06-29 10:32Z,2.4,7.14818,76,91.4,0
2015-06-29 10:33Z,2.4,7.26787,78,91.4,0
2015-06-29 10:34Z,1.9,7.89704,79,91.4,0
2015-06-29 10:35Z,1.5,8.07383,77,91.4,0
2015-06-29 10:36Z,2.4,8.43938,81,91.4,0
2015-06-29 10:37Z,2.4,8.82147,88,91.4,18
2015-06-29 10:38Z,2.3,10.2434,89,92.3,0
2015-06-29 10:39Z,2.2,9.9638,81,92.3,0
2015-06-29 10:40Z,2.2,10.3003,91,92.3,0
2015-06-29 10:41Z,3.8,10.9469,90,92.3,20
2015-06-29 10:42Z,3.6,10.6481,87,92.3,28
2015-06-29 10:43Z,2.5,10.5308,90,92.3,0
2015-06-29 10:44Z,2.4,8.82147,88,93.2,0
2015-06-29 10:45Z,2.6,11.8289,82,93.2,0
2015-06-29 10:46Z,2.7,11.6986,74,93.2,0
2015-06-29 10:47Z,2.4,11.3793,83,92.3,0
2015-06-29 10:48Z,7.6,11.506,92,92.3,73
2015-06-29 10:49Z,4.6,11.4425,100,92.3,46
2015-06-29 10:50Z,3,10.4149,84,92.3,10
2015-06-29 10:51Z,3.4,6.68883,86,92.3,44
2015-06-29 10:52Z,2.4,9.47961,90,92.3,0
2015-06-29 10:53Z,2.5,17.0449,76,93.2,0
2015-06-29 10:54Z,2.6,31.5079,89,90.5,0
2015-06-29 10:55Z,2.5,15.0908,79,89.6,0
2015-06-29 10:56Z,2.7,15.0075,70,88.7,11
2015-06-29 10:57Z,2.5,31.5079,85,88.7,0
2015-06-29 10:58Z,3.7,31.5079,90,88.7,21
2015-06-29 10:59Z,4.3,28.6784,104,88.7,34
2015-06-29 11:00Z,2.6,28.0504,108,88.7,0
2015-06-29 11:01Z,2.6,26.8354,105,88.7,7
2015-06-29 11:02Z,2.3,26.8354,84,88.7,0
2015-06-29 11:03Z,2.3,26.54,69,89.6,0
2015-06-29 11:04Z,2.4,24.9723,77,90.5,11
2015-06-29 11:05Z,2.3,26.1029,95,90.5,0
2015-06-29 11:06Z,2.5,24.0233,81,91.4,9
2015-06-29 11:07Z,2.6,6.91469,86,90.5,13
2015-06-29 11:08Z,2.5,28.2061,87,88.7,0
2015-06-29 11:09Z,2,31.5079,84,88.7,0
2015-06-29 11:10Z,2.2,31.5079,75,88.7,0
2015-06-29 11:11Z,3.5,,75,,27
2015-06-29 11:12Z,2.3,30.6479,90,87.8,0
2015-06-29 11:13Z,2,31.5079,75,88.7,0
2015-06-29 11:14Z,2.2,31.5079,75,88.7,0
2015-06-29 11:15Z,2.5,31.5079,83,89.6,0
2015-06-29 11:16Z,2.5,27.1342,84,88.7,0
2015-06-29 11:17Z,2.7,29.8113,80,88.7,10
2015-06-29 11:18Z,2,29.9768,78,87.8,0
2015-06-29 11:19Z,2.6,27.5885,80,88.7,0
2015-06-29 11:20Z,2,30.1432,79,87.8,0
2015-06-29 11:21Z,2.5,30.1432,79,88.7,9
2015-06-29 11:22Z,2.1,17.7183,75,88.7,0
2015-06-29 11:23Z,2,23.6277,72,88.7,0
2015-06-29 11:24Z,2,21.0349,74,88.7,0
2015-06-29 11:25Z,2.1,23.8907,65,89.6,0
2015-06-29 11:26Z,2,31.5079,70,89.6,0
2015-06-29 11:27Z,2.1,31.5079,75,89.6,0
2015-06-29 11:28Z,1.5,31.5079,64,89.6,0
2015-06-29 11:29Z,1.9,31.5079,66,89.6,0
2015-06-29 11:30Z,2.1,31.5079,71,89.6,0
2015-06-29 11:31Z,1.9,10.5893,73,89.6,0
2015-06-29 11:32Z,1.8,8.72435,71,89.6,0
2015-06-29 11:33Z,2,31.5079,73,89.6,0
2015-06-29 11:34Z,2.2,31.5079,90,89.6,0
2015-06-29 11:35Z,2.3,30.1432,78,89.6,0
2015-06-29 11:36Z,1.9,31.5079,68,88.7,0
2015-06-29 11:37Z,2.7,31.5079,60,88.7,15
2015-06-29 11:38Z,2.6,27.4362,70,88.7,8
2015-06-29 11:39Z,2.6,20.5743,97,88.7,14
2015-06-29 11:40Z,1.7,27.5885,86,88.7,0
2015-06-29 11:41Z,2,26.9844,78,88.7,0
2015-06-29 11:42Z,3.3,27.1342,81,88.7,36
2015-06-29 11:43Z,2.4,26.54,82,87.8,8
2015-06-29 11:44Z,2.2,22.3554,79,87.8,0
2015-06-29 11:45Z,2.1,23.3675,68,87.8,0
2015-06-29 11:46Z,2.3,24.5611,84,87.8,0
2015-06-29 11:47Z,2.4,27.7416,94,86.9,0
2015-06-29 11:48Z,2.5,,93,,0
2015-06-29 11:49Z,2.5,6.54236,86,86.9,0
2015-06-29 11:50Z,2.6,26.1029,79,86.9,0
2015-06-29 11:51Z,2.1,26.3935,76,86.9,0
2015-06-29 11:52Z,2.7,23.1103,93,86.9,0
2015-06-29 11:53Z,4.8,23.3675,84,86.9,56
2015-06-29 11:54Z,3.4,24.8345,81,87.8,12
2015-06-29 11:55Z,6.1,22.8559,86,87.8,58
2015-06-29 11:56Z,2.7,22.7297,88,87.8,8
2015-06-29 11:57Z,2.5,22.232,90,87.8,0
2015-06-29 11:58Z,2.7,22.6043,78,87.8,0
2015-06-29 11:59Z,2.4,21.1517,90,87.8,0
2015-06-29 12:00Z,2.3,21.6252,81,87.8,0
2015-06-29 12:01Z,2.3,21.9873,90,87.8,0
2015-06-29 12:02Z,2.4,21.6252,89,87.8,0
2015-06-29 12:03Z,2.4,20.9188,84,87.8,0
2015-06-29 12:04Z,2.3,20.4607,74,87.8,0
2015-06-29 12:05Z,2.4,20.1238,68,87.8,0
2015-06-29 12:06Z,2.5,20.6885,69,87.8,0
2015-06-29 12:07Z,2.5,19.9023,74,87.8,0
2015-06-29 12:08Z,2.4,18.6233,80,87.8,0
2015-06-29 12:09Z,2.4,17.7183,95,87.8,0
2015-06-29 12:10Z,2.5,17.7183,87,87.8,0
2015-06-29 12:11Z,2.4,18.3166,94,87.8,0
2015-06-29 12:12Z,2.3,18.4183,95,87.8,0
2015-06-29 12:13Z,2.6,20.0127,94,88.7,0
2015-06-29 12:14Z,2.4,16.3972,81,87.8,0
2015-06-29 12:15Z,2.5,15.6869,78,87.8,0
2015-06-29 12:16Z,2.5,15.2588,76,87.8,0
2015-06-29 12:17Z,2.5,14.7603,69,87.8,0
2015-06-29 12:18Z,2.4,14.3574,80,87.8,0
2015-06-29 12:19Z,2.3,15.0075,83,87.8,0
2015-06-29 12:20Z,2.6,11.9605,84,87.8,0
2015-06-29 12:21Z,3.4,9.3235,81,87.8,20
2015-06-29 12:22Z,2.7,12.8529,91,87.8,0
2015-06-29 12:23Z,3.2,13.4348,89,87.8,14
2015-06-29 12:24Z,2.3,6.72595,85,87.8,0
2015-06-29 12:25Z,2.4,13.8885,90,88.7,0
2015-06-29 12:26Z,2.5,13.0681,92,88.7,9
2015-06-29 12:27Z,2.4,12.2962,99,89.6,0
2015-06-29 12:28Z,2.3,9.9638,75,89.6,0
2015-06-29 12:29Z,2,14.0431,72,90.5,0
2015-06-29 12:30Z,2.3,16.5797,72,90.5,0
2015-06-29 12:31Z,2.4,12.5714,99,90.5,0
2015-06-29 12:32Z,2.4,9.9088,87,91.4,0
2015-06-29 12:33Z,1.5,13.8118,86,92.3,0
2015-06-29 12:34Z,2.1,11.9605,82,91.4,0
2015-06-29 12:35Z,1.8,12.3644,87,91.4,0
2015-06-29 12:36Z,1.8,4.39197,86,91.4,0
2015-06-29 12:37Z,2.5,7.98495,78,90.5,0
2015-06-29 12:38Z,3.9,10.2434,88,90.5,25
2015-06-29 12:39Z,2.7,3.61848,108,91.4,0
2015-06-29 12:40Z,3.7,11.506,105,91.4,35
2015-06-29 12:41Z,4.7,14.6789,100,92.3,59
2015-06-29 12:42Z,3.7,9.58513,98,92.3,14
2015-06-29 12:43Z,2.4,1.38888,92,92.3,0
2015-06-29 12:44Z,2.6,2.09193,100,91.4,0
2015-06-29 12:45Z,2.4,5.1853,89,91.4,0
2015-06-29 12:46Z,2.5,5.72853,92,90.5,0
2015-06-29 12:47Z,2.6,5.72853,91,90.5,0
2015-06-29 12:48Z,2.5,5.51082,86,89.6,13
2015-06-29 12:49Z,2.2,6.36378,99,89.6,0
2015-06-29 12:50Z,2.4,5.39015,89,89.6,0
2015-06-29 12:51Z,2.2,2.89983,90,89.6,0
2015-06-29 12:52Z,2.3,5.27212,89,90.5,0
2015-06-29 12:53Z,2.4,5.76032,94,90.5,0
2015-06-29 12:54Z,2.3,5.57216,92,90.5,0
2015-06-29 12:55Z,2.3,3.82441,101,90.5,0
2015-06-29 12:56Z,2.1,4.31965,97,90.5,0
2015-06-29 12:57Z,2.5,3.61848,95,91.4,7
2015-06-29 12:58Z,2.2,4.27209,94,91.4,11
2015-06-29 12:59Z,2.2,0.117642,88,91.4,0
2015-06-29 13:00Z,1.4,0.12365,79,91.4,0
2015-06-29 13:01Z,1.9,3.88844,82,91.4,0
2015-06-29 13:02Z,1.9,3.36726,79,91.4,0
2015-06-29 13:03Z,1.9,2.86791,70,91.4,0
2015-06-29 13:04Z,2,1.99028,79,91.4,7
2015-06-29 13:05Z,2.4,3.15087,89,92.3,0
2015-06-29 13:06Z,2.2,3.50028,93,92.3,0
2015-06-29 13:07Z,2.4,3.34867,97,92.3,0
2015-06-29 13:08Z,2.4,0.942752,93,92.3,0
2015-06-29 13:09Z,2.5,3.18594,100,92.3,0
2015-06-29 13:10Z,2.4,0.768168,104,92.3,0
2015-06-29 13:11Z,2.4,1.90407,102,92.3,0
2015-06-29 13:12Z,2.5,1.8216,92,92.3,0
2015-06-29 13:13Z,2.4,1.20272,87,91.4,0
2015-06-29 13:14Z,2.4,1.87271,91,91.4,0
2015-06-29 13:15Z,2.4,1.01309,104,91.4,9
2015-06-29 13:16Z,2.5,0.89694,98,91.4,0
2015-06-29 13:17Z,2.2,0.569705,93,91.4,0
2015-06-29 13:18Z,2.5,0.325735,79,91.4,0
2015-06-29 13:19Z,1.8,1.15701,79,91.4,0
2015-06-29 13:20Z,1.4,0.504389,66,91.4,0
2015-06-29 13:21Z,1.4,0.60883,63,91.4,0
2015-06-29 13:22Z,1.2,1.5862,61,91.4,0
2015-06-29 13:23Z,1.5,1.44375,63,91.4,0
2015-06-29 13:24Z,1.2,0.979996,62,91.4,0
2015-06-29 13:25Z,1.6,0.252516,66,92.3,0
2015-06-29 13:26Z,2.4,0.22857,76,92.3,0
2015-06-29 13:27Z,2.5,0.334875,92,91.4,0
2015-06-29 13:28Z,2.5,0.417865,91,91.4,0
2015-06-29 13:29Z,2.3,0.00789764,100,91.4,10
2015-06-29 13:30Z,6.9,0.099093,91,91.4,79
2015-06-29 13:31Z,8.6,0.120275,90,91.4,89
2015-06-29 13:32Z,8.7,0.100196,89,90.5,92
2015-06-29 13:33Z,8,0.306494,92,90.5,89
2015-06-29 13:34Z,2.9,0.104732,86,90.5,2
2015-06-29 13:35Z,2.3,0.0191473,88,90.5,0
2015-06-29 13:36Z,5.1,0.0862874,93,89.6,55
2015-06-29 13:37Z,10,0.1351,96,89.6,100
2015-06-29 13:38Z,8.3,0.115066,95,89.6,74
2015-06-29 13:39Z,3.3,0.157748,89,89.6,20
2015-06-29 13:40Z,2.5,0.0718822,97,89.6,0
2015-06-29 13:41Z,2.4,0.0363874,92,89.6,0
2015-06-29 13:42Z,1.9,0.00672646,72,89.6,0
2015-06-29 13:43Z,1.9,0.00402005,57,89.6,0
2015-06-29 13:44Z,2,0.00315111,59,89.6,0
2015-06-29 13:45Z,1.5,0.0246993,53,89.6,0
2015-06-29 13:46Z,1.4,0.00269871,50,89.6,0
2015-06-29 13:47Z,1.5,0.0121617,56,89.6,0
2015-06-29 13:48Z,1.6,0.0160393,55,90.5,0
2015-06-29 13:49Z,1.8,0.0163984,54,90.5,0
2015-06-29 13:50Z,1.9,0.0187281,66,90.5,0
2015-06-29 13:51Z,1.9,0.0138128,74,90.5,0
2015-06-29 13:52Z,2.4,0.00286813,83,90.5,0
2015-06-29 13:53Z,2.2,0.0127123,90,91.4,0
2015-06-29 13:54Z,2.4,0.016673,75,91.4,0
2015-06-29 13:55Z,1.8,0.0167655,64,91.4,0
2015-06-29 13:56Z,2,0.011131,71,91.4,0
2015-06-29 13:57Z,1.3,0.00434395,65,90.5,0
2015-06-29 13:58Z,1.7,0.0104157,52,90.5,0
2015-06-29 13:59Z,1.4,0.00953294,48,90.5,0
2015-06-29 14:00Z,1.4,0.00877344,51,90.5,0
2015-06-29 14:01Z,1.8,0.00834709,57,90.5,0
2015-06-29 14:02Z,2.1,0.00789764,64,90.5,0
2015-06-29 14:03Z,1.5,0.00554182,65,90.5,0
2015-06-29 14:04Z,1.4,0.00083473,56,90.5,0
2015-06-29 14:05Z,1.9,0.000441679,63,89.6,0
2015-06-29 14:06Z,1.7,0.00234996,68,89.6,0
2015-06-29 14:07Z,2.1,0.00191478,74,90.5,0
2015-06-29 14:08Z,2.5,0.00313371,76,90.5,8
2015-06-29 14:09Z,2,0.00676379,94,90.5,0
2015-06-29 14:10Z,2.3,0.00739012,83,90.5,0
2015-06-29 14:11Z,1.8,0.00560351,68,90.5,0
2015-06-29 14:12Z,1.8,0.00839342,65,90.5,0
2015-06-29 14:13Z,2.1,0.00602157,62,90.5,0
2015-06-29 14:14Z,1.6,0.00730876,62,91.4,0
2015-06-29 14:15Z,2,0.00794147,65,91.4,0
2015-06-29 14:16Z,2,0.00820964,75,91.4,0
2015-06-29 14:17Z,2.2,0.00798555,72,91.4,0
2015-06-29 14:18Z,4.9,0.00710926,84,91.4,41
2015-06-29 14:19Z,2.4,0.00454062,98,91.4,0
2015-06-29 14:20Z,2.4,0.0061224,92,91.4,0
2015-06-29 14:21Z,2.2,0.00639959,95,91.4,0
2015-06-29 14:22Z,2.4,0.00974636,85,91.4,0
2015-06-29 14:23Z,2.2,0.00755556,81,91.4,0
2015-06-29 14:24Z,2.3,0.0082552,81,91.4,0
2015-06-29 14:25Z,2.3,0.00205764,72,91.4,0
2015-06-29 14:26Z,1.7,0.00672646,74,90.5,0
2015-06-29 14:27Z,1.6,0.00759749,60,90.5,0
2015-06-29 14:28Z,1.5,0.0051003,62,90.5,0
2015-06-29 14:29Z,1.6,0.00485245,61,90.5,0
2015-06-29 14:30Z,1.4,0.000449075,61,90.5,0
2015-06-29 14:31Z,1.3,0.00290005,60,90.5,0
2015-06-29 14:32Z,1.4,0.000816453,66,90.5,0
2015-06-29 14:33Z,2.2,0.000191483,62,90.5,0
2015-06-29 14:34Z,1.4,0.00165814,54,91.4,0
2015-06-29 14:35Z,1.6,0.000507227,52,91.4,0
2015-06-29 14:36Z,1.3,0.000172368,53,90.5,0
2015-06-29 14:37Z,1.7,0.000803007,56,90.5,0
2015-06-29 14:38Z,1.4,0.00083473,55,90.5,0
2015-06-29 14:39Z,2.2,0.00103013,56,90.5,12
2015-06-29 14:40Z,1.9,0.00105319,70,90.5,0
2015-06-29 14:41Z,1.8,0.000747257,60,90.5,0
2015-06-29 14:42Z,1.5,0.000763986,53,90.5,0
2015-06-29 14:43Z,1.5,0.00179173,51,90.5,0
2015-06-29 14:44Z,1.4,0.000388883,50,89.6,0
2015-06-29 14:45Z,1.3,0.000149265,48,90.5,0
2015-06-29 14:46Z,1.7,0.000145191,55,90.5,0
2015-06-29 14:47Z,1.9,0.000299805,66,89.6,0
2015-06-29 14:48Z,1.8,0.00111313,65,90.5,0
2015-06-29 14:49Z,2.8,0.000872523,64,90.5,15
2015-06-29 14:50Z,2.6,0.000816453,84,90.5,0
2015-06-29 14:51Z,1.5,0.000346209,73,90.5,0
2015-06-29 14:52Z,1.4,0.00040649,51,90.5,0
2015-06-29 14:53Z,1.2,0.000274396,52,90.5,0
2015-06-29 14:54Z,1.4,0.000106494,55,89.6,0
2015-06-29 14:55Z,1.2,0.000152607,57,89.6,0
2015-06-29 14:56Z,1.2,0.00020238,54,89.6,0
2015-06-29 14:57Z,1.2,0.000231132,55,89.6,0
2015-06-29 14:58Z,1.3,0.000186256,52,90.5,0
2015-06-29 14:59Z,1.2,0.00012573,54,90.5,0
2015-06-29 15:00Z,1.2,0.000759769,54,90.5,0
2015-06-29 15:01Z,1.2,0.000853417,57,91.4,0
2015-06-29 15:02Z,1.4,0.000953318,62,91.4,0
2015-06-29 15:03Z,1.3,0.00116352,55,92.3,0
2015-06-29 15:04Z,1.4,0.00114436,57,92.3,0
2015-06-29 15:05Z,1.2,0.0016859,59,92.3,0
2015-06-29 15:06Z,1.2,0.00128542,55,93.2,0
2015-06-29 15:07Z,1.3,0.00132882,58,93.2,0
2015-06-29 15:08Z,1.2,0.00138132,59,93.2,0
2015-06-29 15:09Z,1.2,0.00144386,57,93.2,0
2015-06-29 15:10Z,1.4,0.00146803,56,93.2,0
2015-06-29 15:11Z,1.5,0.000887132,56,93.2,0
2015-06-29 15:12Z,1.2,0.000258188,53,93.2,0
2015-06-29 15:13Z,1.2,0.000569748,54,93.2,0
2015-06-29 15:14Z,1.3,0.000527265,52,93.2,0
2015-06-29 15:15Z,1.4,0.000563475,64,93.2,0
2015-06-29 15:16Z,1.4,0.000665257,58,93.2,0
2015-06-29 15:17Z,1.3,0.000248376,53,92.3,0
2015-06-29 15:18Z,1.2,,,,0
2015-06-29 15:19Z,1.3,,62,,0
2015-06-29 15:20Z,1.5,0.000107679,56,91.4,0
2015-06-29 15:21Z,1.2,0.000115713,52,90.5,0
2015-06-29 15:22Z,1.3,0.000224823,54,90.5,0
2015-06-29 15:23Z,1.3,0.000165818,53,91.4,0
2015-06-29 15:24Z,1.3,0.000100204,53,90.5,0
2015-06-29 15:25Z,1.7,9.96505e-05,64,90.5,0
2015-06-29 15:26Z,1.2,0.000173325,58,90.5,0
2015-06-29 15:27Z,2.2,0.000100204,61,90.5,0
2015-06-29 15:28Z,2.6,0.000127835,78,90.5,0
2015-06-29 15:29Z,1.9,0.000146807,76,90.5,0
2015-06-29 15:30Z,1.6,0.000209214,72,90.5,0
2015-06-29 15:31Z,2.3,0.000263968,72,90.5,0
2015-06-29 15:32Z,1.8,0.000216279,78,90.5,0
2015-06-29 15:33Z,1.7,0.000238937,57,90.5,0
2015-06-29 15:34Z,1.9,0.000266907,55,90.5,0
2015-06-29 15:35Z,1.7,0.000291622,72,90.5,0
2015-06-29 15:36Z,1.4,0.000313379,55,90.5,0
2015-06-29 15:37Z,1.5,0.000327567,52,90.5,0
2015-06-29 15:38Z,1.7,0.000322173,53,90.5,0
2015-06-29 15:39Z,1.6,0.000275919,58,90.5,0
2015-06-29 15:40Z,1.3,9.12049e-05,54,89.6,0
2015-06-29 15:41Z,1.2,0.00019577,53,89.6,0
2015-06-29 15:42Z,1.2,0.000242937,54,90.5,0
2015-06-29 15:43Z,1.5,0.000266907,58,90.5,0
2015-06-29 15:44Z,1.2,0.000315119,52,90.5,0
2015-06-29 15:45Z,1.2,0.000308218,54,90.5,0
2015-06-29 15:46Z,1.4,0.000333052,53,90.5,0
2015-06-29 15:47Z,1.2,0.000365912,59,90.5,0
2015-06-29 15:48Z,1.2,0.000352006,57,90.5,0
2015-06-29 15:49Z,1.6,0.000380368,52,90.5,0
2015-06-29 15:50Z,1.7,0.000374104,55,90.5,0
2015-06-29 15:51Z,2.2,0.00035396,64,90.5,0
2015-06-29 15:52Z,1.9,0.000168594,61,90.5,0
2015-06-29 15:53Z,1.9,0.000148441,65,90.5,0
2015-06-29 15:54Z,2.2,9.58634e-05,70,90.5,0
2015-06-29 15:55Z,2.3,0.000193614,78,90.5,0
2015-06-29 15:56Z,2.1,0.000206911,80,91.4,10
2015-06-29 15:57Z,2.2,0.000232415,65,91.4,0
2015-06-29 15:58Z,2.1,0.000204633,63,91.4,0
2015-06-29 15:59Z,2,0.0001428,64,90.5,0
2015-06-29 16:00Z,1.5,0.000104162,55,90.5,0
2015-06-29 16:01Z,1.9,0.000138135,55,90.5,0
2015-06-29 16:02Z,2,9.17111e-05,65,90.5,0
2015-06-29 16:03Z,1.3,0.000167663,58,90.5,0
2015-06-29 16:04Z,2.2,0.000252535,60,91.4,10
2015-06-29 16:05Z,2.2,0.000184206,62,91.4,0
2015-06-29 16:06Z,2.4,0.000204633,75,91.4,0
2015-06-29 16:07Z,1.7,0.000206911,61,91.4,0
2015-06-29 16:08Z,1.6,0.000199048,60,91.4,0
2015-06-29 16:09Z,1.9,0.000252535,67,91.4,0
2015-06-29 16:10Z,2.4,0.000191483,79,91.4,0
2015-06-29 16:11Z,2.7,0.000229856,69,91.4,8
2015-06-29 16:12Z,2,0.000192546,70,91.4,9
2015-06-29 16:13Z,2.5,0.000265433,74,91.4,0
2015-06-29 16:14Z,2.5,0.000235002,78,91.4,0
2015-06-29 16:15Z,2.1,0.000242937,81,91.4,0
2015-06-29 16:16Z,1.4,0.000290012,70,91.4,0
2015-06-29 16:17Z,1.4,0.000251141,60,91.4,0
2015-06-29 16:18Z,1.5,0.000213898,61,91.4,0
2015-06-29 16:19Z,1.7,0.000315119,65,92.3,0
2015-06-29 16:20Z,2,0.000333052,69,92.3,0
2015-06-29 16:21Z,1.3,0.000309929,61,92.3,0
2015-06-29 16:22Z,1.8,0.000268388,65,92.3,0
2015-06-29 16:23Z,3.4,0.000303143,85,92.3,32
2015-06-29 16:24Z,3,0.000164902,85,92.3,18
2015-06-29 16:25Z,2.2,0.0002199,73,92.3,0
2015-06-29 16:26Z,2.5,0.000315119,82,92.3,0
2015-06-29 16:27Z,1.7,0.00015776,62,91.4,0
2015-06-29 16:28Z,2.1,0.00011962,57,91.4,0
2015-06-29 16:29Z,1.3,0.000121623,49,90.5,0
2015-06-29 16:30Z,1.8,0.000153454,49,90.5,0
2015-06-29 16:31Z,2.6,0.000131423,71,90.5,11
2015-06-29 16:32Z,2.4,0.00018833,80,90.5,0
2015-06-29 16:33Z,2.3,0.00018833,85,90.5,0
2015-06-29 16:34Z,2.1,0.000218686,66,90.5,0
2015-06-29 16:35Z,1.7,0.000294868,59,90.5,0
2015-06-29 16:36Z,1.7,0.00018833,49,90.5,0
2015-06-29 16:37Z,1.2,0.000265433,55,90.5,0
2015-06-29 16:38Z,1.4,0.000269878,51,91.4,0
2015-06-29 16:39Z,2.1,0.00028682,69,91.4,0
2015-06-29 16:40Z,2.1,0.000280539,71,91.4,0
2015-06-29 16:41Z,2.5,0.000278991,81,91.4,0
2015-06-29 16:42Z,2.6,0.000153454,78,91.4,0
2015-06-29 16:43Z,2.2,9.32467e-05,67,91.4,0
2015-06-29 16:44Z,2.4,0.000204633,75,91.4,0
2015-06-29 16:45Z,2.9,0.000212717,83,91.4,18
2015-06-29 16:46Z,2.7,0.000203504,72,91.4,0
2015-06-29 16:47Z,1.2,0.00010076,58,90.5,0
2015-06-29 16:48Z,1.5,0.000248376,53,90.5,0
2015-06-29 16:49Z,1.5,0.000113808,51,90.5,0
2015-06-29 16:50Z,1.6,9.02009e-05,52,90.5,0
2015-06-29 16:51Z,1.2,0.000117001,52,90.5,0
2015-06-29 16:52Z,1.9,0.000203504,55,90.5,0
2015-06-29 16:53Z,1.7,0.000193614,64,90.5,0
2015-06-29 16:54Z,1.4,0.000144389,51,90.5,0
2015-06-29 16:55Z,1.2,0.000221121,51,91.4,0
2015-06-29 16:56Z,1.2,0.000247005,50,91.4,0
2015-06-29 16:57Z,1.6,0.000271376,51,91.4,0
2015-06-29 16:58Z,1.2,0.000193614,46,91.4,0
2015-06-29 16:59Z,1.2,0.000168594,48,91.4,0
2015-06-29 17:00Z,1.3,0.000165818,50,91.4,0
2015-06-29 17:01Z,1.2,0.000154305,48,90.5,0
2015-06-29 17:02Z,1.2,0.000252535,49,91.4,0
2015-06-29 17:03Z,1.3,0.000280539,46,91.4,0
2015-06-29 17:04Z,1.2,0.000299805,46,91.4,0
2015-06-29 17:05Z,1.6,0.000315119,50,91.4,0
2015-06-29 17:06Z,1.2,0.000174287,48,91.4,0
2015-06-29 17:07Z,1.2,9.53342e-05,44,91.4,0
2015-06-29 17:08Z,1.3,9.74685e-05,45,90.5,0
2015-06-29 17:09Z,1.7,9.53342e-05,49,90.5,0
2015-06-29 17:10Z,1.2,0.000124346,47,90.5,0
2015-06-29 17:11Z,1.5,0.000153454,48,90.5,0
2015-06-29 17:12Z,1.2,9.53342e-05,46,90.5,0
2015-06-29 17:13Z,1.2,9.58634e-05,44,90.5,0
2015-06-29 17:14Z,1.2,9.58634e-05,44,90.5,0
2015-06-29 17:15Z,1.3,9.63954e-05,43,90.5,0
2015-06-29 17:16Z,1.2,9.80094e-05,43,90.5,0
2015-06-29 17:17Z,1.2,9.74685e-05,43,90.5,0
2015-06-29 17:18Z,1.2,9.85534e-05,42,90.5,0
2015-06-29 17:19Z,1.2,9.91004e-05,42,90.5,0
2015-06-29 17:20Z,1.2,0.000100204,42,90.5,0
2015-06-29 17:21Z,1.5,0.000100204,43,90.5,0
2015-06-29 17:22Z,1.2,0.00016953,40,90.5,0
2015-06-29 17:23Z,1.2,0.000285237,40,91.4,0
2015-06-29 17:24Z,1.2,0.000309929,41,91.4,0
2015-06-29 17:25Z,1.2,0.000322173,39,92.3,0
2015-06-29 17:26Z,1.2,0.000334901,41,92.3,0
2015-06-29 17:27Z,1.2,0.000352006,41,92.3,0
2015-06-29 17:28Z,1.2,0.000361884,41,92.3,0
2015-06-29 17:29Z,1.2,0.000378268,42,92.3,0
2015-06-29 17:30Z,1.2,0.000391042,41,92.3,0
2015-06-29 17:31Z,1.2,0.00040649,41,93.2,0
2015-06-29 17:32Z,1.3,0.00041559,41,93.2,0
2015-06-29 17:33Z,1.5,0.000422548,46,93.2,0
2015-06-29 17:34Z,1.3,0.000101881,42,93.2,0
2015-06-29 17:35Z,1.2,0.000131423,41,92.3,0
2015-06-29 17:36Z,1.2,0.000161292,41,92.3,0
2015-06-29 17:37Z,1.2,0.000163087,41,92.3,0
2015-06-29 17:38Z,1.2,0.000162187,39,91.4,0
2015-06-29 17:39Z,1.2,0.000159516,39,91.4,0
2015-06-29 17:40Z,1.2,0.000158635,38,91.4,0
2015-06-29 17:41Z,1.2,0.000155162,38,91.4,0
2015-06-29 17:42Z,1.2,0.000151764,38,90.5,0
2015-06-29 17:43Z,1.3,0.000150094,38,90.5,0
2015-06-29 17:44Z,1.2,0.000149265,38,90.5,0
2015-06-29 17:45Z,1.2,0.000147622,38,90.5,0
2015-06-29 17:46Z,1.2,0.000145191,38,90.5,0
2015-06-29 17:47Z,1.2,0.000145191,38,90.5,0
2015-06-29 17:48Z,1.2,0.000141228,39,90.5,0
2015-06-29 17:49Z,1.2,0.000138135,38,90.5,0
2015-06-29 17:50Z,1.2,0.000139673,38,89.6,0
2015-06-29 17:51Z,1.2,0.000138902,39,89.6,0
2015-06-29 17:52Z,1.2,0.000137373,38,89.6,0
2015-06-29 17:53Z,1.3,0.000137373,39,89.6,0
2015-06-29 17:54Z,1.2,0.000138135,38,89.6,0
2015-06-29 17:55Z,1.2,0.000135861,38,89.6,0
2015-06-29 17:56Z,1.2,0.000133623,38,89.6,0
2015-06-29 17:57Z,1.2,0.000130697,38,89.6,0
2015-06-29 17:58Z,1.2,0.000129258,38,89.6,0
2015-06-29 17:59Z,1.2,0.000128545,41,89.6,0
2015-06-29 18:00Z,1.5,0.00011962,42,89.6,0
2015-06-29 18:01Z,1.6,0.00012366,54,89.6,0
2015-06-29 18:02Z,1.3,0.000150094,49,89.6,0
2015-06-29 18:03Z,1.3,0.000182178,46,89.6,0
2015-06-29 18:04Z,1.2,0.000229856,45,89.6,0
2015-06-29 18:05Z,1.2,0.000247005,47,90.5,0
2015-06-29 18:06Z,1.2,0.000266907,47,90.5,0
2015-06-29 18:07Z,1.2,0.000282096,45,90.5,0
2015-06-29 18:08Z,1.2,0.000296505,46,90.5,0
2015-06-29 18:09Z,1.2,0.000309929,46,91.4,0
2015-06-29 18:10Z,1.2,0.000323961,45,91.4,0
2015-06-29 18:11Z,1.4,0.000334901,45,91.4,0
2015-06-29 18:12Z,1.2,0.000272882,44,91.4,0
2015-06-29 18:13Z,1.4,0.000304825,47,91.4,0
2015-06-29 18:14Z,1.2,0.000323961,47,91.4,0
2015-06-29 18:15Z,1.2,0.000329386,45,91.4,0
2015-06-29 18:16Z,1.2,0.000348131,45,91.4,0
2015-06-29 18:17Z,1.2,0.000352006,46,91.4,0
2015-06-29 18:18Z,1.5,0.0003579,47,91.4,0
2015-06-29 18:19Z,1.2,0.00018729,46,91.4,0
2015-06-29 18:20Z,1.2,0.000124346,46,91.4,0
2015-06-29 18:21Z,1.2,0.0001428,46,91.4,0
2015-06-29 18:22Z,1.4,0.000147622,46,91.4,0
2015-06-29 18:23Z,1.3,0.000138135,45,91.4,0
2015-06-29 18:24Z,1.2,9.4808e-05,44,92.3,0
2015-06-29 18:25Z,1.2,9.85534e-05,44,92.3,0
2015-06-29 18:26Z,1.2,9.85534e-05,44,92.3,0
2015-06-29 18:27Z,1.2,9.91004e-05,44,92.3,0
2015-06-29 18:28Z,1.4,9.96505e-05,43,92.3,0
2015-06-29 18:29Z,1.8,9.96505e-05,52,92.3,0
2015-06-29 18:30Z,1.2,0.0001428,49,92.3,0
2015-06-29 18:31Z,1.2,9.91004e-05,41,91.4,0
2015-06-29 18:32Z,1.2,9.96505e-05,42,91.4,0
2015-06-29 18:33Z,1.2,9.91004e-05,41,91.4,0
2015-06-29 18:34Z,1.2,9.91004e-05,41,91.4,0
2015-06-29 18:35Z,1.2,0.000100204,39,90.5,0
2015-06-29 18:36Z,1.2,0.000100204,39,90.5,0
2015-06-29 18:37Z,1.2,9.85534e-05,38,90.5,0
2015-06-29 18:38Z,1.2,9.69305e-05,38,90.5,0
2015-06-29 18:39Z,1.2,9.80094e-05,38,89.6,0
2015-06-29 18:40Z,1.3,9.80094e-05,38,89.6,0
2015-06-29 18:41Z,1.2,9.80094e-05,38,89.6,0
2015-06-29 18:42Z,1.2,9.74685e-05,38,89.6,0
2015-06-29 18:43Z,1.2,9.80094e-05,38,89.6,0
2015-06-29 18:44Z,1.2,9.80094e-05,38,89.6,0
2015-06-29 18:45Z,1.2,9.63954e-05,38,89.6,0
2015-06-29 18:46Z,1.2,9.63954e-05,37,89.6,0
2015-06-29 18:47Z,1.2,9.58634e-05,38,88.7,0
2015-06-29 18:48Z,1.2,9.80094e-05,38,88.7,0
2015-06-29 18:49Z,1.2,9.74685e-05,38,88.7,0
2015-06-29 18:50Z,1.3,9.63954e-05,37,88.7,0
2015-06-29 18:51Z,1.2,9.53342e-05,38,88.7,0
2015-06-29 18:52Z,1.2,9.74685e-05,38,88.7,0
2015-06-29 18:53Z,1.2,9.53342e-05,38,88.7,0
2015-06-29 18:54Z,1.2,9.69305e-05,38,88.7,0
2015-06-29 18:55Z,1.2,9.69305e-05,38,88.7,0
2015-06-29 18:56Z,1.2,9.58634e-05,38,88.7,0
2015-06-29 18:57Z,1.2,9.53342e-05,38,88.7,0
2015-06-29 18:58Z,1.2,9.53342e-05,38,88.7,0
2015-06-29 18:59Z,1.2,9.58634e-05,37,88.7,0
2015-06-29 19:00Z,1.3,9.53342e-05,38,88.7,0
2015-06-29 19:01Z,1.2,9.53342e-05,38,88.7,0
2015-06-29 19:02Z,1.2,9.4808e-05,38,88.7,0
2015-06-29 19:03Z,1.2,9.58634e-05,38,88.7,0
2015-06-29 19:04Z,1.2,9.4808e-05,38,87.8,0
2015-06-29 19:05Z,1.4,9.32467e-05,41,87.8,0
2015-06-29 19:06Z,1.2,0.000103015,44,87.8,0
2015-06-29 19:07Z,1.2,0.000126428,38,88.7,0
2015-06-29 19:08Z,1.2,0.000137373,40,88.7,0
2015-06-29 19:09Z,1.2,0.000151764,40,88.7,0
2015-06-29 19:10Z,1.2,0.000159516,41,89.6,0
2015-06-29 19:11Z,1.2,0.000170471,39,89.6,0
2015-06-29 19:12Z,1.2,0.000179178,39,90.5,0
2015-06-29 19:13Z,1.3,0.000186256,39,90.5,0
2015-06-29 19:14Z,1.2,0.00019577,39,90.5,0
2015-06-29 19:15Z,1.2,0.000200152,39,90.5,0
2015-06-29 19:16Z,1.2,0.000206911,39,91.4,0
2015-06-29 19:17Z,1.2,0.000216279,38,91.4,0
2015-06-29 19:18Z,1.2,0.000222348,39,91.4,0
2015-06-29 19:19Z,1.4,0.000229856,41,91.4,0
2015-06-29 19:20Z,1.2,0.000235002,53,91.4,0
2015-06-29 19:21Z,1.3,0.00015776,40,91.4,0
2015-06-29 19:22Z,1.2,,,,0
2015-06-29 19:23Z,0.9,,,,0
2015-06-29 19:24Z,1.2,0.00015776,39,91.4,0
2015-06-29 19:25Z,1.2,0.000110701,38,90.5,0
2015-06-29 19:26Z,1.2,0.000110701,39,90.5,0
2015-06-29 19:27Z,1.2,0.000111316,37,90.5,0
2015-06-29 19:28Z,1.2,0.000108277,38,90.5,0
2015-06-29 19:29Z,1.2,0.000109482,39,90.5,0
2015-06-29 19:30Z,1.5,0.00011009,47,90.5,0
2015-06-29 19:31Z,1.2,0.000122298,40,90.5,0
2015-06-29 19:32Z,1.4,0.000156023,43,90.5,0
2015-06-29 19:33Z,1.3,,,,0
2015-06-29 19:34Z,1.2,,,,0
2015-06-29 19:35Z,1.2,,,,0
2015-06-29 19:36Z,2.7,,126,,0
2015-06-29 19:37Z,1.2,0.000166738,83,91.4,0
2015-06-29 19:38Z,1.2,9.22202e-05,41,91.4,0
2015-06-29 19:39Z,1.1,9.22202e-05,40,91.4,0
2015-06-29 19:40Z,3.2,,149,92.3,0
2015-06-29 19:41Z,1.2,,,,0
2015-06-29 19:42Z,1.2,,,,0
2015-06-29 19:43Z,1.2,,,,0
2015-06-29 19:44Z,1.2,,,,0
2015-06-29 19:45Z,1.2,,,,0
2015-06-29 19:46Z,1.1,,,,0
2015-06-29 19:47Z,1.2,,51,,0
2015-06-29 19:48Z,1.2,0.000103587,39,89.6,0
2015-06-29 19:49Z,1.2,0.000115713,41,90.5,0
2015-06-29 19:50Z,1.3,0.00012713,41,90.5,0
2015-06-29 19:51Z,1.2,0.000135111,42,90.5,0
2015-06-29 19:52Z,1.2,0.000145191,43,90.5,0
2015-06-29 19:53Z,1.3,0.000148441,40,90.5,0
2015-06-29 19:54Z,1.5,0.000155162,60,90.5,0
2015-06-29 19:55Z,1.2,0.00010076,46,90.5,0
2015-06-29 19:56Z,1.3,9.32467e-05,45,90.5,0
2015-06-29 19:57Z,1.2,9.80094e-05,44,90.5,0
2015-06-29 19:58Z,1.2,0.000101881,42,90.5,0
2015-06-29 19:59Z,1.2,0.000104162,43,90.5,0
2015-06-29 20:00Z,1.2,0.000106494,43,90.5,0
2015-06-29 20:01Z,1.2,0.000107679,43,90.5,0
2015-06-29 20:02Z,1.4,0.000109482,47,90.5,0
2015-06-29 20:03Z,1.2,0.00011962,41,90.5,0
2015-06-29 20:04Z,1.2,0.000135861,43,91.4,0
2015-06-29 20:05Z,1.6,0.0001428,45,91.4,0
2015-06-29 20:06Z,1.2,0.000150927,43,91.4,0
2015-06-29 20:07Z,1.2,0.000179178,42,91.4,0
2015-06-29 20:08Z,1.2,0.000192546,44,91.4,0
2015-06-29 20:09Z,1.2,0.000203504,44,91.4,0
2015-06-29 20:10Z,1.2,0.000210375,42,92.3,0
2015-06-29 20:11Z,1.3,0.000221121,43,92.3,0
2015-06-29 20:12Z,1.2,0.000228587,43,92.3,0
2015-06-29 20:13Z,1.2,0.000236306,43,92.3,0
2015-06-29 20:14Z,1.2,0.000241596,42,92.3,0
2015-06-29 20:15Z,1.2,0.000252535,43,92.3,0
2015-06-29 20:16Z,1.2,0.000256763,43,92.3,0
2015-06-29 20:17Z,1.2,0.000261062,42,92.3,0
2015-06-29 20:18Z,1.2,0.000271376,43,92.3,0
2015-06-29 20:19Z,1.2,0.000278991,43,92.3,0
2015-06-29 20:20Z,1.2,0.000283662,42,92.3,0
2015-06-29 20:21Z,1.3,0.000288412,42,92.3,0
2015-06-29 20:22Z,1.2,0.000294868,44,92.3,0
2015-06-29 20:23Z,1.2,0.000298151,43,92.3,0
2015-06-29 20:24Z,1.2,0.000306517,43,92.3,0
2015-06-29 20:25Z,1.2,0.000309929,43,92.3,0
2015-06-29 20:26Z,1.2,0.000315119,44,92.3,0
2015-06-29 20:27Z,1.2,0.000315119,43,92.3,0
2015-06-29 20:28Z,1.2,0.000316868,44,92.3,0
2015-06-29 20:29Z,1.2,0.000323961,42,92.3,0
2015-06-29 20:30Z,1.2,0.000329386,44,92.3,0
2015-06-29 20:31Z,1.2,0.000334901,43,92.3,0
2015-06-29 20:32Z,1.3,0.000338629,45,92.3,0
2015-06-29 20:33Z,1.2,0.000333052,43,92.3,0
2015-06-29 20:34Z,1.2,0.000342398,44,92.3,0
2015-06-29 20:35Z,1.2,0.000350063,43,92.3,0
2015-06-29 20:36Z,1.2,0.00035396,43,92.3,0
2015-06-29 20:37Z,1.2,0.00035396,42,92.3,0
2015-06-29 20:38Z,1.2,0.000359887,42,92.3,0
2015-06-29 20:39Z,1.2,0.0003579,43,91.4,0
2015-06-29 20:40Z,1.2,0.000369986,43,92.3,0
2015-06-29 20:41Z,1.2,0.000374104,42,92.3,0
2015-06-29 20:42Z,1.3,0.000372039,41,92.3,0
2015-06-29 20:43Z,1.2,0.000386737,42,92.3,0
2015-06-29 20:44Z,1.2,0.000380368,42,92.3,0
2015-06-29 20:45Z,1.2,0.000388883,41,92.3,0
2015-06-29 20:46Z,1.2,0.000391042,41,92.3,0
2015-06-29 20:47Z,1.2,0.000399796,42,92.3,0
2015-06-29 20:48Z,1.2,0.000402015,42,92.3,0
2015-06-29 20:49Z,1.2,0.000408746,42,92.3,0
2015-06-29 20:50Z,1.2,0.00041559,42,92.3,0
2015-06-29 20:51Z,1.2,0.00041559,41,92.3,0
2015-06-29 20:52Z,1.3,0.000420216,42,92.3,0
2015-06-29 20:53Z,1.2,0.000424894,42,92.3,0
2015-06-29 20:54Z,1.2,0.000427252,42,92.3,0
2015-06-29 20:55Z,1.2,0.000427252,42,92.3,0
2015-06-29 20:56Z,1.4,0.000434406,46,92.3,0
2015-06-29 20:57Z,1.2,0.000444131,46,92.3,0
2015-06-29 20:58Z,1.2,0.000397589,47,92.3,0
2015-06-29 20:59Z,1.3,0.000411015,41,92.3,0
2015-06-29 21:00Z,1.2,0.00041559,40,92.3,0
2015-06-29 21:01Z,1.2,0.000424894,43,92.3,0
2015-06-29 21:02Z,1.2,0.000429623,41,92.3,0
2015-06-29 21:03Z,1.8,0.000439241,56,92.3,0
2015-06-29 21:04Z,1.2,0.000402015,45,92.3,0
2015-06-29 21:05Z,1.4,0.000395394,48,92.3,0
2015-06-29 21:06Z,1.4,0.000304825,46,92.3,0
2015-06-29 21:07Z,1.2,0.000329386,47,92.3,0
2015-06-29 21:08Z,1.4,0.000432008,42,92.3,0
2015-06-29 21:09Z,1.2,0.000466815,57,92.3,0
2015-06-29 21:10Z,1.4,0.000622506,42,92.3,0
2015-06-29 21:11Z,2.1,0.00037618,51,92.3,0
2015-06-29 21:12Z,1.6,0.000298151,58,92.3,0
2015-06-29 21:13Z,2.3,0.000372039,74,92.3,0
2015-06-29 21:14Z,2,0.000340508,74,92.3,0
2015-06-29 21:15Z,1.4,0.000146807,49,92.3,0
2015-06-29 21:16Z,1.2,0.000151764,44,91.4,0
2015-06-29 21:17Z,1.6,9.74685e-05,44,91.4,0
2015-06-29 21:18Z,1.2,9.74685e-05,51,91.4,0
2015-06-29 21:19Z,1.2,9.69305e-05,40,90.5,0
2015-06-29 21:20Z,1.2,0.000107679,39,90.5,0
2015-06-29 21:21Z,1.3,0.000111933,40,90.5,0
2015-06-29 21:22Z,1.2,0.000114439,40,90.5,0
2015-06-29 21:23Z,1.2,0.000116355,37,90.5,0
2015-06-29 21:24Z,1.2,0.00011962,37,90.5,0
2015-06-29 21:25Z,1.5,0.00011896,41,90.5,0
2015-06-29 21:26Z,1.2,0.000159516,35,90.5,0
2015-06-29 21:27Z,1.2,0.000236306,38,91.4,0
2015-06-29 21:28Z,1.2,0.000256763,42,91.4,0
2015-06-29 21:29Z,1.3,0.000275919,39,91.4,0
2015-06-29 21:30Z,1.3,0.000221121,42,91.4,0
2015-06-29 21:31Z,1.3,,,,0
2015-06-29 21:32Z,1.2,,,,0
2015-06-29 21:33Z,1.2,,37,,0
2015-06-29 21:34Z,1.3,0.00012713,41,90.5,0
2015-06-29 21:35Z,1.4,0.000194689,40,91.4,0
2015-06-29 21:36Z,1.2,0.000201263,37,91.4,0
2015-06-29 21:37Z,1.2,0.000221121,38,91.4,0
2015-06-29 21:38Z,1.2,0.000241596,39,91.4,0
2015-06-29 21:39Z,1.2,0.000258188,38,92.3,0
2015-06-29 21:40Z,1.2,0.000271376,40,92.3,0
2015-06-29 21:41Z,1.3,0.000288412,39,92.3,0
2015-06-29 21:42Z,1.2,0.000288412,41,92.3,0
2015-06-29 21:43Z,1.5,0.000308218,44,92.3,0
2015-06-29 21:44Z,1.2,0.000232415,41,92.3,0
2015-06-29 21:45Z,1.2,0.000181172,39,92.3,0
2015-06-29 21:46Z,1.2,0.000176227,39,92.3,0
2015-06-29 21:47Z,1.5,0.000175254,46,91.4,0
2015-06-29 21:48Z,1.2,,,,0
2015-06-29 21:49Z,1.2,,,,0
2015-06-29 21:50Z,1.2,,,,0
2015-06-29 21:51Z,1.2,,,,0
2015-06-29 21:52Z,1.3,,74,,0
2015-06-29 21:53Z,1.2,0.000144389,47,90.5,0
2015-06-29 21:54Z,1.4,0.000168594,46,90.5,0
2015-06-29 21:55Z,1.5,0.000129976,43,90.5,0
2015-06-29 21:56Z,1.2,0.000184206,41,90.5,0
2015-06-29 21:57Z,1.3,0.000204633,43,90.5,0
2015-06-29 21:58Z,1.2,9.2732e-05,44,90.5,0
2015-06-29 21:59Z,1.2,9.37643e-05,42,90.5,0
2015-06-29 22:00Z,1.2,9.32467e-05,41,89.6,0
2015-06-29 22:01Z,1.7,9.32467e-05,44,89.6,0
2015-06-29 22:02Z,1.2,0.000105322,50,89.6,0
2015-06-29 22:03Z,1.5,0.000124346,51,89.6,0
2015-06-29 22:04Z,1.2,,,,0
2015-06-29 22:05Z,1.5,9.63954e-05,59,89.6,0
2015-06-29 22:06Z,1.3,0.000129258,44,89.6,0
2015-06-29 22:07Z,1.2,0.000145191,41,89.6,0
2015-06-29 22:08Z,1.2,0.000153454,42,89.6,0
2015-06-29 22:09Z,1.2,0.000159516,41,89.6,0
2015-06-29 22:10Z,1.2,0.000161292,39,89.6,0
2015-06-29 22:11Z,1.2,0.000164902,40,89.6,0
2015-06-29 22:12Z,1.2,0.000166738,40,89.6,0
2015-06-29 22:13Z,1.2,0.000167663,39,89.6,0
2015-06-29 22:14Z,1.2,0.000173325,41,89.6,0
2015-06-29 22:15Z,1.2,0.000174287,39,89.6,0
2015-06-29 22:16Z,1.6,0.000176227,47,89.6,0
2015-06-29 22:17Z,1.2,0.000173325,39,89.6,0
2015-06-29 22:18Z,1.2,0.00018729,40,89.6,0
2015-06-29 22:19Z,1.2,0.000197949,40,89.6,0
2015-06-29 22:20Z,1.3,0.000204633,38,89.6,0
2015-06-29 22:21Z,1.2,0.000206911,37,90.5,0
2015-06-29 22:22Z,1.2,0.000210375,38,90.5,0
2015-06-29 22:23Z,1.2,0.000212717,38,90.5,0
2015-06-29 22:24Z,1.2,0.000217479,38,90.5,0
2015-06-29 22:25Z,1.2,0.000217479,37,90.5,0
2015-06-29 22:26Z,1.4,0.000222348,38,90.5,0
2015-06-29 22:27Z,1.2,0.000216279,40,90.5,0
2015-06-29 22:28Z,1.2,0.000221121,39,90.5,0
2015-06-29 22:29Z,1.2,0.000231132,37,90.5,0
2015-06-29 22:30Z,1.2,0.000237618,36,90.5,0
2015-06-29 22:31Z,1.2,0.000244286,37,90.5,0
2015-06-29 22:32Z,1.3,0.000248376,38,90.5,0
2015-06-29 22:33Z,1.2,0.000256763,37,91.4,0
2015-06-29 22:34Z,1.2,0.000261062,36,91.4,0
2015-06-29 22:35Z,1.2,0.000263968,37,91.4,0
2015-06-29 22:36Z,1.2,0.000271376,36,91.4,0
2015-06-29 22:37Z,1.2,0.000272882,37,91.4,0
2015-06-29 22:38Z,1.2,0.000278991,36,91.4,0
2015-06-29 22:39Z,1.3,0.000285237,39,91.4,0
2015-06-29 22:40Z,1.2,0.000331214,36,91.4,0
2015-06-29 22:41Z,1.7,0.000350063,38,92.3,0
2015-06-29 22:42Z,1.2,0.000268388,48,92.3,0
2015-06-29 22:43Z,1.2,0.000197949,40,91.4,0
2015-06-29 22:44Z,1.2,0.000197949,41,91.4,0
2015-06-29 22:45Z,1.2,0.000197949,38,91.4,0
2015-06-29 22:46Z,1.3,0.000192546,39,91.4,0
2015-06-29 22:47Z,1.2,0.00019577,39,90.5,0
2015-06-29 22:48Z,1.2,0.000192546,39,90.5,0
2015-06-29 22:49Z,1.2,0.000191483,40,90.5,0
2015-06-29 22:50Z,1.2,0.000190426,39,90.5,0
2015-06-29 22:51Z,1.2,0.000191483,40,90.5,0
2015-06-29 22:52Z,1.3,0.000189375,43,90.5,0
2015-06-29 22:53Z,1.2,0.000190426,43,90.5,0
2015-06-29 22:54Z,1.2,0.00018833,45,90.5,0
2015-06-29 22:55Z,1.3,0.00018833,40,90.5,0
2015-06-29 22:56Z,1.2,0.000192546,41,90.5,0
2015-06-29 22:57Z,1.2,0.00018833,41,89.6,0
2015-06-29 22:58Z,1.2,0.00018729,44,89.6,0
2015-06-29 22:59Z,1.2,0.000184206,46,89.6,0
2015-06-29 23:00Z,1.4,0.000185228,44,89.6,0
2015-06-29 23:01Z,1.2,0.000179178,43,89.6,0
2015-06-29 23:02Z,1.3,0.000176227,40,89.6,0
2015-06-29 23:03Z,1.2,0.000130697,41,89.6,0
2015-06-29 23:04Z,1.2,9.2732e-05,43,89.6,0
2015-06-29 23:05Z,1.5,9.32467e-05,45,88.7,0
2015-06-29 23:06Z,1.2,0.00011009,45,89.6,0
2015-06-29 23:07Z,1.2,0.00011009,44,89.6,0
2015-06-29 23:08Z,1.2,0.000105906,47,88.7,0
2015-06-29 23:09Z,1.2,0.000106494,44,88.7,0
2015-06-29 23:10Z,1.2,0.000106494,42,88.7,0
2015-06-29 23:11Z,1.6,0.000104162,48,88.7,0
2015-06-29 23:12Z,1.2,0.00011962,42,88.7,0
2015-06-29 23:13Z,1.2,0.000151764,44,88.7,0
2015-06-29 23:14Z,2.1,0.00015776,57,89.6,0
2015-06-29 23:15Z,1.4,0.000110701,70,89.6,0
2015-06-29 23:16Z,1.6,0.000144389,43,89.6,0
2015-06-29 23:17Z,1.2,0.000115074,52,89.6,0
2015-06-29 23:18Z,2.2,0.000185228,59,89.6,0
2015-06-29 23:19Z,1.7,0.000132886,73,90.5,0
2015-06-29 23:20Z,1.2,,,,0
2015-06-29 23:21Z,1.2,,,,0
2015-06-29 23:22Z,1.2,,,,0
2015-06-29 23:23Z,1.2,,,,0
2015-06-29 23:24Z,1.2,,,,0
2015-06-29 23:25Z,1.2,,,,0
2015-06-29 23:26Z,1.2,,,,0
2015-06-29 23:27Z,1.2,,,,0
2015-06-29 23:28Z,1.2,,,,0
2015-06-29 23:29Z,1.3,,,,0
2015-06-29 23:30Z,1.2,,,,0
2015-06-29 23:31Z,1.2,,,,0
2015-06-29 23:32Z,1.2,,,,0
2015-06-29 23:33Z,1.2,,,,0
2015-06-29 23:34Z,1.2,,,,0
2015-06-29 23:35Z,1.2,,,,0
2015-06-29 23:36Z,1.2,,,,0
2015-06-29 23:37Z,1.2,,,,0
2015-06-29 23:38Z,1.2,,,,0
2015-06-29 23:39Z,1.3,,,,0
2015-06-29 23:40Z,1.2,,,,0
2015-06-29 23:41Z,1.2,,,,0
2015-06-29 23:42Z,1.2,,,,0
2015-06-29 23:43Z,1.2,,,,0
2015-06-29 23:44Z,1.2,,,,0
2015-06-29 23:45Z,1.2,,,,0
2015-06-29 23:46Z,1.2,,,,0
2015-06-29 23:47Z,1.2,,,,0
2015-06-29 23:48Z,1.2,,,,0
2015-06-29 23:49Z,1.2,,,,0
2015-06-29 23:50Z,1.3,,,,0
2015-06-29 23:51Z,1.2,,,,0
2015-06-29 23:52Z,1.2,,,,0
2015-06-29 23:53Z,1.2,,,,0
2015-06-29 23:54Z,1.2,,,,0
2015-06-29 23:55Z,1.2,,,,0
2015-06-29 23:56Z,1.2,,,,0
2015-06-29 23:57Z,1.2,,,,0
2015-06-29 23:58Z,1.2,,,,0
2015-06-29 23:59Z,1.5,,,,0
2015-06-30 00:00Z,2.6,0.000120952,,96.8,0
2015-06-30 00:01Z,5.1,0.000118304,87,93.2,63
2015-06-30 00:02Z,9,0.00012366,96,92.3,96
2015-06-30 00:03Z,5.4,0.000124346,93,91.4,34
2015-06-30 00:04Z,1.9,0.00012573,61,91.4,16
2015-06-30 00:05Z,3.7,0.000134365,80,90.5,21
2015-06-30 00:06Z,2.9,0.000133623,96,90.5,16
2015-06-30 00:07Z,4.5,0.0001428,85,90.5,45
2015-06-30 00:08Z,2.6,0.000156889,103,91.4,10
2015-06-30 00:09Z,1.9,0.000149265,88,91.4,0
2015-06-30 00:10Z,4.8,0.000524355,79,91.4,48
2015-06-30 00:11Z,9.6,0.000912026,102,91.4,102
2015-06-30 00:12Z,11.7,0.000937619,117,91.4,130
2015-06-30 00:13Z,14.1,0.000329386,148,90.5,142
2015-06-30 00:14Z,13.2,9.96505e-05,140,90.5,131
2015-06-30 00:15Z,13.2,0.000554196,141,89.6,137
2015-06-30 00:16Z,13,0.000105906,141,89.6,106
2015-06-30 00:17Z,10.5,0.000411015,117,88.7,108
2015-06-30 00:18Z,10.4,0.181159,104,88.7,108
2015-06-30 00:19Z,10.4,0.342372,102,88.7,105
2015-06-30 00:20Z,11.7,0.958537,108,88.7,127
2015-06-30 00:21Z,13.9,0.927227,142,88.7,147
2015-06-30 00:22Z,14.8,0.192531,153,88.7,127
2015-06-30 00:23Z,13.2,0.772432,141,88.7,106
2015-06-30 00:24Z,10.1,6.87652,113,88.7,105
2015-06-30 00:25Z,7.2,8.6762,107,88.7,76
2015-06-30 00:26Z,2.6,7.89704,101,88.7,17
2015-06-30 00:27Z,2.3,17.8166,99,88.7,22
2015-06-30 00:28Z,2.4,16.9509,97,89.6,11
2015-06-30 00:29Z,2.6,19.0402,104,89.6,21
2015-06-30 00:30Z,2.4,19.5745,103,89.6,11
2015-06-30 00:31Z,2.4,19.4665,106,89.6,0
2015-06-30 00:32Z,2.6,20.4607,106,89.6,0
2015-06-30 00:33Z,3.2,20.9188,97,89.6,31
2015-06-30 00:34Z,2.5,20.8033,89,89.6,0
2015-06-30 00:35Z,2.1,18.7267,94,89.6,0
2015-06-30 00:36Z,2.6,19.2522,103,89.6,11
2015-06-30 00:37Z,6.2,19.7924,105,89.6,73
2015-06-30 00:38Z,10.2,17.1395,103,89.6,95
2015-06-30 00:39Z,4.4,17.3303,113,89.6,27
2015-06-30 00:40Z,3,12.996,107,89.6,12
2015-06-30 00:41Z,2.3,18.7267,108,89.6,0
2015-06-30 00:42Z,2.7,14.4371,96,89.6,18
2015-06-30 00:43Z,2.7,16.2166,89,89.6,0
2015-06-30 00:44Z,2.7,12.5714,87,89.6,11
2015-06-30 00:45Z,2.8,9.85411,103,89.6,0
2015-06-30 00:46Z,10.3,8.34647,107,91.4,111
2015-06-30 00:47Z,2.6,8.48622,111,93.2,7
2015-06-30 00:48Z,2.9,3.20363,95,94.1,8
2015-06-30 00:49Z,5.2,0.13585,88,93.2,36
2015-06-30 00:50Z,2.8,4.59082,96,92.3,7
2015-06-30 00:51Z,2.7,2.53911,101,92.3,0
2015-06-30 00:52Z,2.5,2.71348,111,91.4,0
2015-06-30 00:53Z,2.3,4.22506,98,90.5,8
2015-06-30 00:54Z,2.5,4.74584,98,90.5,0
2015-06-30 00:55Z,2.4,2.33681,92,90.5,0
2015-06-30 00:56Z,2.3,3.86698,91,90.5,0
2015-06-30 00:57Z,2.3,2.91593,94,90.5,0
2015-06-30 00:58Z,2.1,3.34867,101,90.5,0
2015-06-30 00:59Z,2.4,2.99775,90,90.5,0
2015-06-30 01:00Z,2.2,3.40474,98,90.5,0
2015-06-30 01:01Z,2.4,3.18594,92,90.5,0
2015-06-30 01:02Z,2.2,3.20363,92,90.5,0
2015-06-30 01:03Z,2.7,1.77188,91,90.5,20
2015-06-30 01:04Z,2.4,1.26415,93,90.5,0
2015-06-30 01:05Z,2.4,0.843959,95,90.5,0
2015-06-30 01:06Z,2.5,0.551096,98,90.5,0
2015-06-30 01:07Z,2.8,2.53911,92,90.5,11
2015-06-30 01:08Z,2.8,2.01243,93,90.5,14
2015-06-30 01:09Z,2.1,0.661535,76,90.5,0
2015-06-30 01:10Z,3.8,0.391012,89,90.5,32
2015-06-30 01:11Z,2.6,2.88383,98,90.5,0
2015-06-30 01:12Z,2.3,2.13876,90,90.5,0
2015-06-30 01:13Z,2.3,0.545029,85,90.5,8
2015-06-30 01:14Z,2.2,2.89983,98,90.5,0
2015-06-30 01:15Z,2.3,0.55723,98,90.5,0
2015-06-30 01:16Z,2.3,2.41572,100,90.5,0
2015-06-30 01:17Z,2.4,0.668899,93,90.5,0
2015-06-30 01:18Z,2.4,2.08039,94,91.4,0
2015-06-30 01:19Z,2.1,1.93595,81,91.4,0
2015-06-30 01:20Z,2,0.718804,77,91.4,0
2015-06-30 01:21Z,1.6,1.36601,82,90.5,0
2015-06-30 01:22Z,1.7,1.0473,80,91.4,0
2015-06-30 01:23Z,1.3,0.482542,77,91.4,0
2015-06-30 01:24Z,2.7,0.139662,84,91.4,12
2015-06-30 01:25Z,2.3,0.084398,95,91.4,0
2015-06-30 01:26Z,2.2,0.680099,87,91.4,0
2015-06-30 01:27Z,2.6,0.0665224,86,91.4,10
2015-06-30 01:28Z,2.7,0.151753,96,91.4,10
2015-06-30 01:29Z,7,0.602127,98,91.4,77
2015-06-30 01:30Z,8.5,0.789724,99,91.4,84
2015-06-30 01:31Z,6.5,0.676345,94,91.4,51
2015-06-30 01:32Z,1.6,1.08266,75,91.4,0
2015-06-30 01:33Z,1.6,0.515681,68,91.4,0
2015-06-30 01:34Z,1.4,0.294846,70,91.4,0
2015-06-30 01:35Z,1.6,0.13585,69,91.4,0
2015-06-30 01:36Z,1.6,0.00174283,76,91.4,0
2015-06-30 01:37Z,2.3,0.0464215,76,91.4,0
2015-06-30 01:38Z,4.1,0.147611,101,91.4,40
2015-06-30 01:39Z,8.4,0.170458,92,91.4,86
2015-06-30 01:40Z,3.7,0.602127,92,92.3,26
2015-06-30 01:41Z,2.3,1.35847,89,92.3,0
2015-06-30 01:42Z,2.5,0.120943,85,91.4,0
2015-06-30 01:43Z,9.8,0.137363,92,90.5,107
2015-06-30 01:44Z,9.6,0.299783,98,90.5,92
2015-06-30 01:45Z,6.1,0.118951,100,90.5,66
2015-06-30 01:46Z,2.4,0.206895,98,90.5,0
2015-06-30 01:47Z,1.8,0.395365,86,90.5,0
2015-06-30 01:48Z,1.5,0.456559,67,90.5,0
2015-06-30 01:49Z,1.9,0.129249,75,90.5,0
2015-06-30 01:50Z,2,0.255327,74,90.5,0
2015-06-30 01:51Z,2.4,0.00539056,97,90.5,7
2015-06-30 01:52Z,3.3,0.00334892,113,90.5,19
2015-06-30 01:53Z,1.5,0.0647066,76,90.5,0
2015-06-30 01:54Z,1.3,0.00927274,64,90.5,0
2015-06-30 01:55Z,1.2,0.0190416,67,90.5,0
2015-06-30 01:56Z,1.5,0.0189365,63,90.5,0
2015-06-30 01:57Z,1.9,0.00527252,72,90.5,0
2015-06-30 01:58Z,2.4,0.0152599,87,90.5,0
2015-06-30 01:59Z,2.4,0.0271362,95,91.4,0
2015-06-30 02:00Z,2.6,0.0301454,92,91.4,0
2015-06-30 02:01Z,2.8,0.031861,87,91.4,10
2015-06-30 02:02Z,2.9,0.0219889,85,90.5,0
2015-06-30 02:03Z,2.7,0.0101876,99,90.5,12
2015-06-30 02:04Z,2.9,0.011131,80,90.5,10
2015-06-30 02:05Z,5.3,0.0145184,94,90.5,54
2015-06-30 02:06Z,4.9,0.0259608,98,90.5,31
2015-06-30 02:07Z,2.7,0.0424872,99,90.5,8
2015-06-30 02:08Z,2.6,0.0149258,105,91.4,6
2015-06-30 02:09Z,2.4,0.132142,95,92.3,0
2015-06-30 02:10Z,2.4,0.695324,83,94.1,0
2015-06-30 02:11Z,2.7,0.436784,79,95,0
2015-06-30 02:12Z,2.7,0.420184,79,95,0
2015-06-30 02:13Z,2.6,0.1936,80,94.1,0
2015-06-30 02:14Z,2.5,0.137363,84,94.1,0
2015-06-30 02:15Z,2.5,0.0969232,92,94.1,0
2015-06-30 02:16Z,2.6,0.030481,101,93.2,0
2015-06-30 02:17Z,2.5,0.0280525,103,93.2,0
2015-06-30 02:18Z,2.4,0.0258175,89,93.2,0
